,total_cup_points,species,country_of_origin,variety,aroma,aftertaste,acidity,body,balance,sweetness,altitude_mean_meters,moisture,specialty
1,89.92,Arabica,Other,Other,8.75,8.5,8.58,8.42,8.42,10.0,2075.0,0.12,Yes
2,89.75,Arabica,Guatemala,Bourbon,8.42,8.42,8.42,8.33,8.42,10.0,1700.0,0.0,Yes
4,88.83,Arabica,Other,Other,8.25,8.25,8.5,8.42,8.33,10.0,2075.0,0.12,Yes
9,88.25,Arabica,Other,Other,8.08,8.5,8.5,7.67,8.42,10.0,1822.5,0.1,Yes
11,87.92,Arabica,Other,Other,8.25,8.17,8.33,8.08,8.17,10.0,1872.0,0.0,Yes
12,87.92,Arabica,Other,Other,8.08,8.33,8.42,8.0,8.08,10.0,1943.0,0.0,Yes
15,87.58,Arabica,Other,Other,8.0,8.58,8.17,8.17,8.0,10.0,2080.0,0.0,Yes
18,87.25,Arabica,Other,Other,8.42,8.08,8.17,7.92,8.0,10.0,1450.0,0.1,Yes
19,87.25,Arabica,Other,Other,8.17,8.0,8.17,8.08,8.33,10.0,1850.0,0.0,Yes
20,87.25,Arabica,Other,Other,8.0,8.08,8.5,8.25,8.0,10.0,2019.0,0.0,Yes
21,87.17,Arabica,Other,Caturra,8.08,8.0,8.17,8.0,8.33,10.0,1300.0,0.11,Yes
22,87.17,Arabica,Mexico,Other,8.17,8.17,8.0,7.83,8.17,10.0,1320.0,0.13,Yes
23,87.08,Arabica,Other,Other,8.25,8.17,8.17,7.83,8.17,10.0,2112.0,0.0,Yes
25,86.92,Arabica,Brazil,Bourbon,8.5,8.0,8.0,8.0,8.0,10.0,1250.0,0.12,Yes
27,86.83,Arabica,Other,Other,8.42,8.17,8.17,7.83,7.92,10.0,1950.0,0.12,Yes
28,86.67,Arabica,Other,Caturra,8.17,8.08,8.0,8.08,8.0,10.0,1400.0,0.1,Yes
29,86.58,Arabica,Taiwan,Other,8.0,8.0,8.25,8.0,8.17,10.0,1200.0,0.0,Yes
32,86.42,Arabica,Brazil,Bourbon,8.5,8.0,7.75,8.0,8.0,10.0,1300.0,0.12,Yes
33,86.33,Arabica,Other,Caturra,8.17,8.0,8.08,7.83,8.0,10.0,1300.0,0.0,Yes
35,86.25,Arabica,Other,Other,8.08,8.0,8.25,7.92,7.92,10.0,1800.0,0.12,Yes
39,86.17,Arabica,Other,Other,7.67,8.0,8.0,8.17,8.08,10.0,1941.0,0.0,Yes
40,86.17,Arabica,Other,Caturra,7.83,7.83,8.25,7.58,7.92,10.0,1300.0,0.1,Yes
41,86.17,Arabica,Brazil,Other,8.17,7.92,7.75,8.33,8.0,10.0,12.0,0.08,Yes
42,86.17,Arabica,Brazil,Other,8.42,8.0,7.75,7.92,8.0,10.0,12.0,0.01,Yes
43,86.08,Arabica,Taiwan,Bourbon,8.08,7.75,8.08,7.75,7.83,10.0,1000.0,0.12,Yes
44,86.08,Arabica,Other,Other,8.08,8.0,8.0,7.83,8.08,10.0,1754.0,0.11,Yes
45,86.08,Arabica,Brazil,Bourbon,8.33,8.0,8.0,7.75,8.0,10.0,1250.0,0.11,Yes
47,86.0,Arabica,Colombia,Caturra,7.75,7.83,8.08,8.08,8.17,10.0,1200.0,0.12,Yes
48,86.0,Arabica,Other,Other,7.92,7.83,8.5,7.5,7.92,10.0,1860.0,0.11,Yes
49,86.0,Arabica,Other,Other,8.25,7.83,8.08,8.0,7.92,10.0,1650.0,0.1,Yes
53,85.92,Arabica,Other,Other,8.17,7.92,8.08,7.83,7.75,10.0,1650.0,0.12,Yes
54,85.92,Arabica,Colombia,Caturra,8.0,8.0,8.17,7.83,8.0,10.0,1800.0,0.0,Yes
55,85.83,Arabica,Other,Other,8.0,7.92,8.08,7.83,8.0,10.0,1600.0,0.08,Yes
57,85.83,Arabica,Guatemala,Bourbon,7.83,8.0,8.17,7.83,8.0,10.0,1524.0,0.12,Yes
58,85.83,Arabica,Guatemala,Catuai,8.0,7.83,8.33,7.83,7.83,10.0,1417.32,0.1,Yes
62,85.58,Arabica,Other,Bourbon,7.92,8.0,7.92,7.75,7.83,10.0,1500.0,0.1,Yes
63,85.58,Arabica,Other,Bourbon,7.83,8.0,7.75,7.92,8.17,10.0,1350.0,0.11,Yes
65,85.5,Arabica,Other,Caturra,8.0,7.83,7.83,7.67,8.58,10.0,1680.0,0.09,Yes
66,85.5,Arabica,Other,Other,7.92,7.83,8.08,7.83,7.92,10.0,1900.0,0.1,Yes
67,85.5,Arabica,Other,Other,7.83,7.83,7.92,7.83,8.08,10.0,1900.0,0.12,Yes
68,85.5,Arabica,Other,Other,8.33,7.67,7.92,7.67,7.92,10.0,1600.0,0.12,Yes
69,85.5,Arabica,Guatemala,Bourbon,8.0,7.67,8.33,7.83,8.0,10.0,1731.264,0.11,Yes
71,85.42,Arabica,Other,Other,8.08,7.83,7.67,8.0,7.83,10.0,1950.0,0.12,Yes
73,85.42,Arabica,Brazil,Bourbon,8.0,8.0,7.67,7.75,8.0,10.0,1250.0,0.11,Yes
75,85.33,Arabica,Other,Other,8.0,8.0,7.83,7.83,7.75,10.0,1700.0,0.1,Yes
76,85.33,Arabica,Guatemala,Other,7.83,7.83,7.67,7.83,8.58,10.0,1770.0,0.11,Yes
77,85.33,Arabica,Other,Caturra,7.92,8.0,7.92,8.0,8.08,9.33,1300.0,0.0,Yes
78,85.33,Arabica,Other,Caturra,8.0,7.58,7.67,8.08,8.5,10.0,1300.0,0.1,Yes
79,85.33,Arabica,Other,Other,7.83,7.75,8.08,7.92,7.75,10.0,1600.0,0.0,Yes
80,85.33,Arabica,Other,Other,8.0,7.92,8.08,7.83,7.75,10.0,1200.0,0.0,Yes
84,85.25,Arabica,Colombia,Caturra,8.17,7.83,8.0,7.58,7.83,10.0,1550.0,0.11,Yes
85,85.25,Arabica,Colombia,Caturra,7.58,7.92,7.83,8.0,7.92,10.0,1550.0,0.12,Yes
86,85.17,Arabica,Other,Other,7.75,7.67,8.0,8.08,7.83,10.0,1325.0,0.11,Yes
87,85.17,Arabica,Guatemala,Caturra,8.25,7.67,7.92,7.75,7.67,10.0,1400.0,0.0,Yes
89,85.08,Arabica,Colombia,Caturra,8.17,7.58,8.08,8.0,7.75,10.0,2560.0,0.0,Yes
92,85.08,Arabica,Colombia,Caturra,7.83,7.75,7.75,7.83,7.83,10.0,2136.0,0.11,Yes
96,85.0,Arabica,Other,Other,8.17,7.75,7.75,7.67,7.75,10.0,1800.0,0.11,Yes
98,85.0,Arabica,Other,Catuai,7.83,7.58,7.92,7.92,7.83,10.0,1900.0,0.12,Yes
99,85.0,Arabica,Mexico,Typica,7.83,7.83,7.75,7.67,7.83,10.0,1300.0,0.09,Yes
101,85.0,Arabica,Other,Other,7.75,7.75,8.08,8.0,7.75,10.0,1580.0,0.0,Yes
102,85.0,Arabica,Brazil,Other,8.0,7.83,7.83,7.67,7.67,10.0,1100.0,0.12,Yes
103,85.0,Arabica,Mexico,Other,7.92,7.75,8.08,7.42,7.83,10.0,1400.0,0.0,Yes
107,84.92,Arabica,Colombia,Caturra,7.92,7.75,7.83,7.75,8.0,10.0,1775.0,0.12,Yes
108,84.92,Arabica,Taiwan,Typica,7.67,8.0,7.58,8.0,7.92,10.0,800.0,0.11,Yes
109,84.92,Arabica,Other,Other,8.0,7.83,7.92,7.75,7.75,10.0,1620.0,0.12,Yes
110,84.92,Arabica,Colombia,Caturra,7.75,7.83,7.75,7.75,8.0,10.0,1775.0,0.11,Yes
111,84.92,Arabica,Mexico,Typica,7.75,7.75,7.83,7.5,7.92,10.0,1200.0,0.11,Yes
112,84.92,Arabica,Brazil,Bourbon,8.0,7.75,7.75,8.0,7.75,10.0,1200.0,0.11,Yes
113,84.92,Arabica,Brazil,Catuai,8.0,7.75,8.0,7.5,7.75,10.0,1000.0,0.12,Yes
115,84.83,Arabica,Taiwan,Typica,7.92,7.83,7.83,7.83,7.83,10.0,350.0,0.0,Yes
116,84.83,Arabica,Other,Other,7.75,7.67,7.67,8.25,7.75,10.0,1650.0,0.12,Yes
121,84.75,Arabica,Other,Other,7.92,7.58,7.92,7.75,7.83,10.0,1800.0,0.13,Yes
122,84.75,Arabica,Other,Catuai,7.83,8.0,7.67,7.67,7.67,10.0,1450.0,0.11,Yes
125,84.67,Arabica,Other,Bourbon,7.83,7.5,8.0,7.83,7.67,10.0,1350.0,0.0,Yes
126,84.67,Arabica,Other,Other,7.92,7.75,7.75,7.75,7.75,10.0,1200.0,0.12,Yes
127,84.67,Arabica,Other,Other,7.75,7.75,7.42,8.08,7.83,10.0,170.0,0.12,Yes
128,84.67,Arabica,Other,Catuai,8.08,7.67,7.83,7.5,7.92,10.0,1150.0,0.1,Yes
129,84.67,Arabica,Guatemala,Bourbon,7.75,7.58,8.0,7.92,7.75,10.0,1600.0,0.1,Yes
130,84.67,Arabica,Other,Caturra,8.17,7.83,7.17,7.83,7.75,10.0,1750.0,0.12,Yes
131,84.67,Arabica,Other,Other,8.08,7.75,7.83,7.58,7.67,10.0,1900.0,0.1,Yes
132,84.67,Arabica,Other,Other,7.67,7.75,7.75,7.67,8.58,10.0,1750.0,0.08,Yes
133,84.67,Arabica,Other,Catuai,8.0,7.83,7.75,7.75,7.75,10.0,1200.0,0.11,Yes
135,84.67,Arabica,Taiwan,Typica,8.0,7.75,7.75,7.75,7.75,10.0,1000.0,0.11,Yes
136,84.67,Arabica,Colombia,Caturra,7.75,7.75,7.83,7.75,7.83,10.0,1550.0,0.0,Yes
137,84.67,Arabica,Other,Other,7.75,7.83,8.0,7.58,7.75,10.0,2000.0,0.11,Yes
138,84.67,Arabica,Guatemala,Bourbon,8.0,7.67,7.83,7.67,8.0,10.0,1310.64,0.11,Yes
139,84.67,Arabica,Guatemala,Bourbon,7.67,7.67,8.0,7.67,7.83,10.0,1524.0,0.12,Yes
140,84.67,Arabica,Mexico,Typica,7.83,7.67,7.92,7.92,7.83,10.0,1200.0,0.13,Yes
141,84.67,Arabica,Other,Other,7.92,7.75,7.92,7.67,7.75,10.0,1775.0,0.11,Yes
144,84.58,Arabica,Other,Other,7.92,7.83,7.75,7.58,7.92,10.0,1754.0,0.11,Yes
145,84.58,Arabica,Colombia,Other,7.83,7.58,7.92,7.67,7.83,10.0,1500.0,0.0,Yes
147,84.58,Arabica,Other,Other,7.83,7.83,7.75,7.58,7.83,10.0,1800.0,0.1,Yes
148,84.58,Arabica,Guatemala,Other,7.75,7.67,7.92,7.75,7.83,10.0,1524.0,0.11,Yes
149,84.58,Arabica,Guatemala,Bourbon,8.0,7.67,7.58,7.58,7.67,10.0,1219.2,0.09,Yes
150,84.58,Arabica,Colombia,Caturra,7.67,7.58,7.75,7.58,8.5,10.0,1550.0,0.0,Yes
151,84.58,Arabica,Colombia,Caturra,7.75,7.83,7.75,7.58,8.0,10.0,1750.0,0.0,Yes
153,84.58,Arabica,Colombia,Caturra,7.67,7.83,8.0,7.58,7.92,10.0,1750.0,0.0,Yes
154,84.58,Arabica,Other,Bourbon,7.75,7.75,8.0,7.83,7.67,10.0,1575.0,0.12,Yes
155,84.58,Arabica,Colombia,Caturra,7.42,7.75,7.75,8.08,7.83,10.0,1800.0,0.11,Yes
156,84.58,Arabica,Brazil,Bourbon,8.0,7.75,7.75,7.58,7.75,10.0,1300.0,0.12,Yes
157,84.58,Arabica,Brazil,Catuai,8.5,7.5,7.75,7.5,7.83,10.0,1100.0,0.11,Yes
158,84.5,Arabica,Other,Caturra,7.92,7.92,7.75,7.67,7.58,10.0,1200.0,0.1,Yes
159,84.5,Arabica,Other,Other,7.92,7.67,7.75,7.83,7.75,10.0,1750.0,0.11,Yes
160,84.5,Arabica,Other,Other,7.75,7.67,7.83,7.75,7.67,10.0,1680.0,0.1,Yes
161,84.5,Arabica,Other,Caturra,7.92,7.83,7.83,7.58,7.58,10.0,1700.0,0.11,Yes
162,84.5,Arabica,Colombia,Other,8.08,7.83,7.83,7.67,7.67,10.0,1800.0,0.12,Yes
163,84.5,Arabica,Other,Other,7.67,7.75,7.83,7.75,7.58,10.0,1100.0,0.0,Yes
164,84.5,Arabica,Guatemala,Bourbon,8.17,7.67,7.83,7.67,7.83,10.0,1310.64,0.11,Yes
165,84.5,Arabica,Other,Other,7.92,7.67,8.0,7.67,7.75,10.0,2000.0,0.11,Yes
166,84.5,Arabica,Mexico,Typica,8.0,7.42,8.08,7.5,7.67,10.0,1350.0,0.12,Yes
167,84.5,Arabica,Mexico,Typica,7.92,7.75,7.75,7.75,7.83,10.0,1500.0,0.11,Yes
171,84.42,Arabica,Other,Caturra,7.58,7.83,8.0,7.67,7.58,10.0,1300.0,0.1,Yes
172,84.42,Arabica,Other,Other,7.67,7.83,7.58,7.83,7.83,10.0,1400.0,0.0,Yes
174,84.42,Arabica,Colombia,Caturra,7.92,7.67,7.92,7.67,7.75,10.0,1775.0,0.0,Yes
175,84.42,Arabica,Taiwan,Typica,7.83,7.75,8.0,7.5,7.75,10.0,1200.0,0.11,Yes
177,84.42,Arabica,Mexico,Other,7.75,7.75,7.67,7.83,7.67,10.0,900.0,0.12,Yes
179,84.33,Arabica,Other,Other,7.33,7.83,7.75,7.75,7.92,10.0,1800.0,0.11,Yes
180,84.33,Arabica,Other,Caturra,7.92,7.75,7.67,7.67,7.75,10.0,1500.0,0.1,Yes
182,84.33,Arabica,Other,Catuai,7.58,7.58,7.75,7.92,7.75,10.0,1500.0,0.11,Yes
184,84.33,Arabica,Colombia,Caturra,7.75,8.0,7.67,8.08,7.83,10.0,442.0,0.11,Yes
185,84.33,Arabica,Colombia,Caturra,7.75,7.33,7.83,7.58,8.08,10.0,1800.0,0.0,Yes
186,84.33,Arabica,Mexico,Typica,8.0,7.75,7.83,7.5,7.67,10.0,1700.0,0.12,Yes
187,84.33,Arabica,Brazil,Other,8.17,7.5,7.75,7.5,7.67,10.0,1275.0,0.0,Yes
191,84.25,Arabica,Taiwan,Typica,7.92,7.75,7.67,7.67,7.83,10.0,1000.0,0.12,Yes
192,84.25,Arabica,Other,Other,7.83,7.75,7.42,7.83,7.67,10.0,1200.0,0.12,Yes
193,84.25,Arabica,Colombia,Caturra,7.83,7.75,7.58,7.67,8.0,10.0,2560.0,0.11,Yes
194,84.25,Arabica,Guatemala,Caturra,7.75,7.58,7.92,7.75,7.75,10.0,1500.0,0.11,Yes
195,84.25,Arabica,Guatemala,Caturra,7.75,7.5,8.08,7.58,7.67,10.0,1099.4136,0.1,Yes
196,84.25,Arabica,Other,Other,7.83,7.58,7.75,7.75,7.75,10.0,1400.0,0.1,Yes
197,84.25,Arabica,Colombia,Caturra,7.67,7.75,7.75,7.67,7.92,10.0,1775.0,0.11,Yes
198,84.25,Arabica,Colombia,Caturra,7.83,7.75,7.58,7.92,7.75,10.0,1775.0,0.12,Yes
199,84.25,Arabica,Colombia,Other,7.83,7.83,7.58,7.67,7.75,10.0,1800.0,0.12,Yes
200,84.25,Arabica,Colombia,Caturra,7.42,7.83,7.75,7.92,7.83,10.0,442.0,0.12,Yes
201,84.25,Arabica,Other,Other,7.83,7.75,7.83,7.67,7.67,10.0,1620.0,0.12,Yes
202,84.25,Arabica,Other,Other,7.83,7.75,7.75,7.67,7.75,10.0,1600.0,0.12,Yes
203,84.25,Arabica,Guatemala,Bourbon,7.83,7.5,7.92,7.58,7.75,10.0,1219.2,0.1,Yes
204,84.25,Arabica,Colombia,Caturra,7.58,7.75,7.83,7.92,7.83,10.0,1700.0,0.11,Yes
206,84.25,Arabica,Mexico,Typica,7.83,7.67,7.83,7.5,7.75,10.0,1450.0,0.12,Yes
207,84.25,Arabica,Mexico,Bourbon,7.83,7.75,7.67,7.83,7.58,10.0,1170.0,0.12,Yes
208,84.25,Arabica,Mexico,Bourbon,7.83,7.67,7.75,7.5,7.75,10.0,1400.0,0.1,Yes
209,84.25,Arabica,Other,Other,8.17,7.58,7.67,7.83,7.58,10.0,1700.0,0.13,Yes
210,84.17,Arabica,Guatemala,Bourbon,7.75,7.58,7.83,7.67,7.75,10.0,1700.0,0.13,Yes
212,84.17,Arabica,Other,Caturra,7.92,7.67,7.67,7.5,7.67,10.0,1700.0,0.09,Yes
213,84.17,Arabica,Guatemala,Caturra,7.75,7.58,8.0,7.67,7.83,10.0,1116.7872,0.11,Yes
214,84.17,Arabica,Guatemala,Caturra,7.75,7.58,7.92,7.67,7.67,10.0,1565.0,0.1,Yes
215,84.17,Arabica,Guatemala,Bourbon,7.58,7.58,7.83,7.83,7.67,10.0,3280.0,0.1,Yes
216,84.17,Arabica,Colombia,Caturra,8.0,7.5,7.67,8.0,7.83,10.0,1775.0,0.0,Yes
217,84.17,Arabica,Other,Caturra,7.67,7.83,7.5,7.67,7.83,10.0,1000.0,0.12,Yes
218,84.17,Arabica,Brazil,Catuai,7.67,7.75,7.67,7.83,7.75,10.0,1150.0,0.0,Yes
219,84.17,Arabica,Other,Caturra,7.67,7.67,7.75,7.5,8.0,10.0,1850.0,0.0,Yes
220,84.17,Arabica,Other,Other,7.5,7.58,7.83,7.75,7.83,10.0,1606.5,0.1,Yes
221,84.17,Arabica,Other,Other,7.92,7.75,7.75,7.75,7.58,10.0,1400.0,0.13,Yes
222,84.17,Arabica,Colombia,Other,7.67,7.67,7.42,7.83,8.58,10.0,1530.0,0.12,Yes
224,84.17,Arabica,Other,Other,7.58,7.75,7.75,7.75,7.83,10.0,250.5,0.08,Yes
225,84.17,Arabica,Brazil,Other,7.58,7.75,7.67,7.67,8.0,10.0,1038.5,0.11,Yes
226,84.17,Arabica,Guatemala,Bourbon,7.92,7.67,7.67,7.83,7.92,10.0,1310.64,0.11,Yes
227,84.17,Arabica,Other,Bourbon,8.42,7.5,7.17,7.58,8.17,10.0,1500.0,0.11,Yes
228,84.17,Arabica,Colombia,Caturra,7.75,7.75,7.75,7.83,7.75,10.0,1750.0,0.0,Yes
230,84.17,Arabica,Other,Other,7.83,7.5,7.83,7.83,7.75,10.0,1600.0,0.11,Yes
232,84.08,Arabica,Colombia,Caturra,7.83,7.42,7.5,7.83,8.5,10.0,442.0,0.0,Yes
233,84.08,Arabica,Taiwan,Typica,7.58,7.67,7.67,7.75,7.83,10.0,968.0,0.1,Yes
235,84.08,Arabica,Colombia,Caturra,7.92,7.67,7.75,7.67,7.67,10.0,1775.0,0.0,Yes
236,84.08,Arabica,Guatemala,Bourbon,7.58,7.67,8.0,7.75,7.67,10.0,1550.0,0.1,Yes
238,84.08,Arabica,Mexico,Typica,7.67,7.67,7.75,7.67,7.75,10.0,1480.0,0.11,Yes
239,84.08,Arabica,Other,Other,7.92,7.83,8.0,7.92,7.92,8.67,1800.0,0.09,Yes
241,84.0,Arabica,Other,Other,7.83,7.67,7.75,7.33,7.75,10.0,1800.0,0.11,Yes
242,84.0,Arabica,Other,Caturra,7.42,7.75,7.92,7.75,7.58,10.0,1500.0,0.1,Yes
243,84.0,Arabica,Guatemala,Caturra,7.67,7.58,7.92,7.75,7.67,10.0,1706.88,0.12,Yes
244,84.0,Arabica,Colombia,Other,7.67,7.83,7.58,7.58,7.83,10.0,1600.0,0.11,Yes
245,84.0,Arabica,Guatemala,Bourbon,7.92,7.42,7.92,7.75,7.83,10.0,1219.2,0.1,Yes
246,84.0,Arabica,Guatemala,Bourbon,7.75,7.5,7.83,7.58,7.67,10.0,1219.2,0.1,Yes
248,84.0,Arabica,Colombia,Caturra,7.58,7.75,7.92,7.75,7.92,10.0,1450.0,0.12,Yes
249,84.0,Arabica,Colombia,Caturra,7.67,7.5,7.5,7.67,7.67,10.0,1775.0,0.12,Yes
250,84.0,Arabica,Other,Other,7.75,7.5,7.58,7.67,7.92,10.0,1550.0,0.09,Yes
251,84.0,Arabica,Brazil,Other,7.58,7.67,7.25,8.0,7.75,10.0,1260.0,0.1,Yes
252,84.0,Arabica,Colombia,Caturra,7.67,7.67,7.75,7.67,7.75,10.0,1700.0,0.11,Yes
253,84.0,Arabica,Other,Other,7.67,7.5,7.75,7.92,7.67,10.0,1200.0,0.0,Yes
255,84.0,Arabica,Other,Other,7.67,7.67,7.75,7.83,7.67,10.0,1650.0,0.0,Yes
256,84.0,Arabica,Other,Other,7.92,7.58,7.67,7.67,7.83,10.0,1700.0,0.1,Yes
258,83.92,Arabica,Brazil,Bourbon,7.5,7.58,7.5,7.58,7.5,10.0,890.0,0.0,Yes
259,83.92,Arabica,Mexico,Other,7.83,7.58,7.92,7.42,7.5,10.0,1300.0,0.11,Yes
260,83.92,Arabica,Other,Other,7.67,7.5,7.67,7.67,7.83,10.0,1350.0,0.1,Yes
261,83.92,Arabica,Brazil,Bourbon,7.58,7.67,7.75,7.58,7.83,10.0,934.0,0.11,Yes
262,83.92,Arabica,Taiwan,Typica,7.83,7.83,7.75,7.83,7.75,10.0,1200.0,0.11,Yes
268,83.92,Arabica,Colombia,Caturra,7.75,7.67,7.83,7.83,7.67,10.0,1775.0,0.0,Yes
269,83.92,Arabica,Taiwan,Typica,8.0,7.92,7.92,7.67,7.33,10.0,950.0,0.06,Yes
270,83.92,Arabica,Colombia,Caturra,7.67,7.67,7.75,7.67,7.83,10.0,1550.0,0.12,Yes
271,83.92,Arabica,Mexico,Typica,7.67,7.58,7.67,7.75,7.83,10.0,900.0,0.12,Yes
272,83.92,Arabica,Mexico,Typica,7.5,7.58,7.83,7.75,7.75,10.0,1500.0,0.11,Yes
273,83.92,Arabica,Mexico,Typica,7.75,7.83,7.92,7.75,7.67,10.0,1400.0,0.0,Yes
274,83.83,Arabica,Colombia,Caturra,7.92,7.5,7.83,7.58,7.67,10.0,2527.0,0.0,Yes
276,83.83,Arabica,Other,Caturra,7.67,7.75,7.67,7.5,7.75,10.0,1850.0,0.0,Yes
277,83.83,Arabica,Guatemala,Bourbon,7.75,7.5,7.75,7.83,7.58,10.0,1500.0,0.11,Yes
279,83.83,Arabica,Brazil,Other,7.25,7.42,8.0,7.75,7.83,10.0,1.0,0.0,Yes
280,83.83,Arabica,Taiwan,Typica,7.67,7.67,7.75,7.42,7.75,10.0,525.0,0.0,Yes
282,83.83,Arabica,Brazil,Bourbon,7.67,7.58,7.5,7.83,8.17,9.33,1200.0,0.0,Yes
283,83.83,Arabica,Other,Catuai,7.83,7.5,7.83,7.75,7.83,10.0,1300.0,0.1,Yes
284,83.83,Arabica,Guatemala,Bourbon,7.58,7.33,8.0,7.58,7.75,10.0,1219.2,0.1,Yes
285,83.83,Arabica,Brazil,Other,7.92,7.33,7.67,8.17,7.5,10.0,1260.0,0.1,Yes
287,83.83,Arabica,Colombia,Caturra,7.67,7.58,7.83,7.58,7.67,10.0,1750.0,0.11,Yes
288,83.83,Arabica,Guatemala,Bourbon,7.5,7.5,7.83,7.83,7.67,10.0,1310.64,0.11,Yes
289,83.83,Arabica,Mexico,Bourbon,7.67,7.67,7.42,7.67,7.5,10.0,1218.0,0.1,Yes
290,83.83,Arabica,Mexico,Other,7.67,7.5,7.75,7.75,7.75,10.0,1300.0,0.11,Yes
291,83.83,Arabica,Brazil,Other,7.83,7.58,7.67,7.5,7.58,10.0,1250.0,0.12,Yes
295,83.75,Arabica,Other,Other,7.75,7.5,7.58,7.75,7.75,10.0,1800.0,0.11,Yes
296,83.75,Arabica,Brazil,Bourbon,7.67,7.58,7.75,7.67,7.67,10.0,890.0,0.11,Yes
297,83.75,Arabica,Colombia,Caturra,7.83,7.58,7.58,7.58,7.58,10.0,442.0,0.11,Yes
298,83.75,Arabica,Taiwan,Typica,7.67,7.58,7.58,7.67,7.83,10.0,750.0,0.0,Yes
300,83.75,Arabica,Other,Other,7.83,7.67,7.5,7.58,7.67,10.0,1650.0,0.1,Yes
301,83.75,Arabica,Colombia,Caturra,7.75,7.5,7.67,7.58,7.83,10.0,442.0,0.0,Yes
302,83.75,Arabica,Other,Bourbon,8.0,7.58,7.75,7.33,7.5,10.0,1400.0,0.12,Yes
303,83.75,Arabica,Other,Other,7.83,7.83,7.67,8.0,8.17,10.0,853.44,0.12,Yes
304,83.75,Arabica,Colombia,Caturra,7.67,7.67,7.92,7.5,7.67,10.0,1775.0,0.0,Yes
305,83.75,Arabica,Colombia,Other,7.67,7.42,7.42,8.0,8.33,10.0,1550.0,0.0,Yes
306,83.75,Arabica,Colombia,Caturra,7.58,7.75,7.67,7.67,7.67,10.0,1750.0,0.0,Yes
307,83.75,Arabica,Colombia,Caturra,7.75,7.75,7.58,7.42,8.0,10.0,1750.0,0.11,Yes
309,83.75,Arabica,Mexico,Caturra,7.83,7.58,7.5,7.75,7.67,10.0,700.0,0.13,Yes
310,83.75,Arabica,Guatemala,Caturra,7.67,7.58,7.67,7.75,7.75,10.0,1300.0,0.11,Yes
314,83.67,Arabica,Brazil,Bourbon,7.67,7.5,7.67,7.67,7.5,10.0,890.0,0.11,Yes
315,83.67,Arabica,Other,Other,8.08,7.67,7.58,7.25,7.67,10.0,1700.0,0.11,Yes
316,83.67,Arabica,Other,Caturra,7.5,7.67,7.67,8.0,8.0,10.0,1400.0,0.1,Yes
317,83.67,Arabica,Other,Caturra,7.67,7.67,7.67,7.83,7.58,10.0,1250.0,0.1,Yes
318,83.67,Arabica,Brazil,Bourbon,7.58,7.58,7.75,7.58,7.58,10.0,934.0,0.11,Yes
319,83.67,Arabica,Taiwan,Caturra,7.5,7.33,7.92,7.83,7.67,10.0,1200.0,0.1,Yes
322,83.67,Arabica,Colombia,Caturra,7.5,7.5,7.75,7.67,7.67,10.0,1625.0,0.11,Yes
323,83.67,Arabica,Guatemala,Bourbon,8.0,7.33,8.0,8.0,8.0,10.0,1356.6648,0.1,Yes
324,83.67,Arabica,Colombia,Caturra,7.83,7.67,7.58,7.58,7.67,10.0,1750.0,0.0,Yes
325,83.67,Arabica,Colombia,Caturra,7.67,7.67,7.67,7.33,7.75,10.0,1900.0,0.0,Yes
326,83.67,Arabica,Guatemala,Bourbon,7.67,7.42,7.67,8.0,7.75,10.0,1310.64,0.12,Yes
327,83.67,Arabica,Guatemala,Bourbon,7.83,7.33,7.67,7.67,7.83,10.0,1310.64,0.11,Yes
328,83.67,Arabica,Colombia,Caturra,7.75,7.58,7.83,7.17,7.75,10.0,1750.0,0.11,Yes
329,83.67,Arabica,Guatemala,Caturra,8.17,7.83,7.67,8.08,7.75,9.33,1450.0,0.11,Yes
330,83.67,Arabica,Guatemala,Bourbon,7.67,7.5,7.42,7.58,7.83,10.0,1310.64,0.11,Yes
331,83.67,Arabica,Mexico,Typica,7.67,7.5,7.33,7.83,8.25,10.0,1100.0,0.12,Yes
332,83.67,Arabica,Other,Typica,8.17,7.58,7.58,7.42,7.67,10.0,1400.0,0.12,Yes
333,83.67,Arabica,Guatemala,Caturra,7.67,7.33,8.0,7.67,7.67,10.0,1524.0,0.1,Yes
335,83.58,Arabica,Brazil,Bourbon,7.58,7.58,7.58,7.67,7.58,10.0,890.0,0.11,Yes
336,83.58,Arabica,Guatemala,Caturra,7.75,7.5,7.83,7.58,7.58,10.0,1128.3696,0.11,Yes
338,83.58,Arabica,Other,Other,7.67,7.58,7.58,7.67,7.75,10.0,1100.0,0.1,Yes
339,83.58,Arabica,Colombia,Caturra,7.67,7.58,7.67,7.75,7.58,10.0,1775.0,0.12,Yes
340,83.58,Arabica,Mexico,Caturra,7.75,7.58,7.58,7.5,7.67,10.0,1200.0,0.12,Yes
341,83.58,Arabica,Other,Other,7.75,7.58,7.67,7.5,7.67,10.0,1850.0,0.0,Yes
342,83.58,Arabica,Other,Other,7.67,7.42,7.75,7.75,7.67,10.0,1800.0,0.12,Yes
343,83.58,Arabica,Colombia,Caturra,7.67,7.67,7.67,7.67,7.67,10.0,1600.0,0.0,Yes
344,83.58,Arabica,Colombia,Caturra,7.67,7.67,7.58,7.67,7.75,10.0,1550.0,0.12,Yes
345,83.58,Arabica,Colombia,Caturra,7.75,7.5,7.58,7.75,7.83,10.0,1550.0,0.0,Yes
346,83.58,Arabica,Taiwan,Typica,7.75,7.75,7.75,7.5,7.58,10.0,1000.0,0.11,Yes
347,83.58,Arabica,Colombia,Caturra,7.67,7.58,7.67,7.75,7.58,10.0,1775.0,0.11,Yes
348,83.58,Arabica,Mexico,Typica,7.83,7.58,7.58,7.67,7.58,10.0,1000.0,0.12,Yes
349,83.58,Arabica,Colombia,Caturra,7.67,7.58,7.58,7.67,7.75,10.0,2136.0,0.11,Yes
350,83.58,Arabica,Brazil,Catuai,7.83,7.5,7.75,7.5,7.58,10.0,1100.0,0.12,Yes
351,83.5,Arabica,Colombia,Caturra,7.75,7.58,7.75,7.75,7.5,10.0,1799.0,0.0,Yes
353,83.5,Arabica,Other,Caturra,7.92,7.5,7.67,7.5,7.67,10.0,1850.0,0.0,Yes
354,83.5,Arabica,Colombia,Caturra,7.75,7.58,7.5,7.75,7.75,10.0,1000.0,0.0,Yes
355,83.5,Arabica,Guatemala,Bourbon,7.67,7.5,7.83,7.58,7.58,10.0,1219.2,0.1,Yes
356,83.5,Arabica,Colombia,Caturra,7.58,7.58,7.58,7.75,7.67,10.0,1775.0,0.12,Yes
357,83.5,Arabica,Other,Other,7.75,7.58,7.67,7.67,7.58,10.0,1400.0,0.13,Yes
358,83.5,Arabica,Other,Other,7.25,7.58,7.92,7.83,7.58,10.0,1500.0,0.13,Yes
361,83.5,Arabica,Colombia,Caturra,8.0,7.25,7.58,7.92,7.58,10.0,1850.0,0.11,Yes
362,83.5,Arabica,Guatemala,Caturra,7.58,7.5,7.83,7.42,7.67,10.0,1400.0,0.1,Yes
363,83.5,Arabica,Colombia,Caturra,7.75,7.33,7.5,7.83,7.83,10.0,1650.0,0.0,Yes
364,83.5,Arabica,Other,Caturra,7.67,7.67,7.5,7.67,7.67,10.0,1350.0,0.1,Yes
365,83.5,Arabica,Colombia,Caturra,7.58,7.42,7.67,7.75,7.67,10.0,1750.0,0.0,Yes
366,83.5,Arabica,Colombia,Caturra,7.58,7.58,7.75,7.58,7.75,10.0,1750.0,0.11,Yes
367,83.5,Arabica,Mexico,Bourbon,7.83,7.25,7.5,7.5,7.42,10.0,1170.0,0.13,Yes
368,83.5,Arabica,Mexico,Typica,7.67,7.67,7.75,7.58,7.5,10.0,940.0,0.11,Yes
369,83.5,Arabica,Mexico,Other,7.75,7.67,7.75,7.33,7.5,10.0,1400.0,0.12,Yes
370,83.5,Arabica,Guatemala,Caturra,7.83,7.5,8.0,7.67,7.5,10.0,1524.0,0.1,Yes
371,83.5,Arabica,Colombia,Caturra,7.67,7.58,7.67,7.67,7.67,10.0,1775.0,0.11,Yes
372,83.5,Arabica,Guatemala,Bourbon,7.5,7.75,7.5,8.0,7.67,10.0,1402.08,0.0,Yes
375,83.42,Arabica,Colombia,Caturra,7.5,7.58,7.5,7.75,7.83,10.0,439.0,0.0,Yes
376,83.42,Arabica,Guatemala,Bourbon,7.67,7.5,7.58,7.58,7.67,10.0,1700.0,0.1,Yes
377,83.42,Arabica,Colombia,Caturra,7.67,7.5,7.67,7.67,7.58,10.0,442.0,0.11,Yes
378,83.42,Arabica,Other,Caturra,7.58,7.42,7.92,7.5,7.67,10.0,1850.0,0.09,Yes
380,83.42,Arabica,Other,Other,7.58,7.33,7.75,7.67,7.58,10.0,1800.0,0.11,Yes
381,83.42,Arabica,Other,Other,7.5,7.75,7.5,7.75,7.67,10.0,1200.0,0.13,Yes
382,83.42,Arabica,Other,Bourbon,7.58,7.75,7.58,7.75,7.67,10.0,1330.0,0.11,Yes
383,83.42,Arabica,Colombia,Caturra,7.58,7.58,7.67,7.58,7.67,10.0,442.0,0.12,Yes
385,83.42,Arabica,Other,Bourbon,7.75,7.58,7.67,7.58,7.58,10.0,1600.0,0.13,Yes
386,83.42,Arabica,Colombia,Caturra,7.58,7.25,7.75,7.75,8.58,10.0,1813.0,0.12,Yes
387,83.42,Arabica,Guatemala,Bourbon,7.75,7.33,7.83,7.5,7.67,10.0,1219.2,0.1,Yes
388,83.42,Arabica,Guatemala,Caturra,7.67,7.5,7.83,7.58,7.5,10.0,1500.0,0.1,Yes
389,83.42,Arabica,Guatemala,Bourbon,7.67,7.75,7.42,7.75,7.75,10.0,1310.64,0.11,Yes
391,83.42,Arabica,Colombia,Caturra,7.5,7.58,7.5,7.67,7.75,10.0,1450.0,0.11,Yes
396,83.33,Arabica,Colombia,Caturra,7.75,7.75,7.58,7.58,7.58,10.0,1650.0,0.0,Yes
399,83.33,Arabica,Brazil,Catuai,7.5,7.33,7.58,7.58,7.92,10.0,1227.0,0.1,Yes
400,83.33,Arabica,Mexico,Caturra,7.75,7.5,7.67,7.5,7.58,10.0,1200.0,0.12,Yes
401,83.33,Arabica,Colombia,Caturra,7.67,7.42,7.83,7.83,7.42,10.0,1650.0,0.11,Yes
402,83.33,Arabica,Other,Other,7.75,7.67,7.58,7.58,7.58,10.0,1700.0,0.12,Yes
403,83.33,Arabica,Mexico,Other,7.67,7.58,7.67,7.5,7.58,10.0,1100.0,0.12,Yes
404,83.33,Arabica,Other,Caturra,7.67,7.42,7.67,7.67,7.67,10.0,1300.0,0.12,Yes
406,83.33,Arabica,Other,Catuai,7.5,7.67,7.5,7.83,7.17,10.0,1200.0,0.11,Yes
408,83.33,Arabica,Other,Typica,7.58,7.67,7.5,7.83,7.42,10.0,1280.16,0.11,Yes
409,83.33,Arabica,Colombia,Caturra,7.67,7.5,7.67,7.92,7.42,10.0,1000.0,0.11,Yes
410,83.33,Arabica,Guatemala,Bourbon,7.83,7.17,7.67,7.67,7.67,10.0,1310.64,0.11,Yes
412,83.33,Arabica,Other,Bourbon,7.75,7.33,7.5,7.5,7.75,10.0,1880.0,0.0,Yes
413,83.33,Arabica,Colombia,Caturra,7.5,7.67,7.58,7.67,7.58,10.0,1750.0,0.0,Yes
416,83.25,Arabica,Mexico,Typica,7.67,7.42,7.83,7.33,7.5,10.0,1600.0,0.11,Yes
417,83.25,Arabica,Other,Catuai,7.5,7.83,7.5,7.67,7.67,10.0,1900.0,0.11,Yes
419,83.25,Arabica,Guatemala,Other,7.5,7.42,7.83,7.67,7.58,10.0,2100.0,0.11,Yes
422,83.25,Arabica,Colombia,Caturra,7.58,7.67,7.17,7.75,7.83,10.0,442.0,0.0,Yes
423,83.25,Arabica,Mexico,Typica,7.83,7.5,7.58,7.58,7.58,10.0,1261.0,0.12,Yes
424,83.25,Arabica,Taiwan,Bourbon,7.67,7.5,7.5,7.67,7.83,10.0,1000.0,0.1,Yes
425,83.25,Arabica,Taiwan,Typica,7.92,7.75,7.58,7.5,7.33,10.0,800.0,0.1,Yes
426,83.25,Arabica,Colombia,Caturra,7.58,7.5,7.58,7.58,7.75,10.0,1483.0,0.0,Yes
427,83.25,Arabica,Guatemala,Caturra,7.5,7.58,7.67,7.67,7.5,10.0,1500.0,0.1,Yes
428,83.25,Arabica,Colombia,Caturra,7.83,7.67,7.33,7.67,7.67,10.0,1750.0,0.11,Yes
429,83.25,Arabica,Mexico,Bourbon,7.58,7.5,7.5,7.58,7.58,10.0,1300.0,0.12,Yes
432,83.25,Arabica,Mexico,Caturra,7.75,7.42,7.92,7.33,7.5,10.0,1000.0,0.12,Yes
433,83.25,Arabica,Guatemala,Bourbon,7.83,7.08,7.83,7.42,8.08,10.0,1310.64,0.11,Yes
434,83.25,Arabica,Brazil,Other,7.75,7.5,7.58,7.58,7.58,10.0,1200.0,0.11,Yes
435,83.25,Arabica,Colombia,Caturra,7.67,7.58,7.42,7.83,7.58,10.0,175.0,0.12,Yes
436,83.25,Arabica,Colombia,Caturra,7.67,7.5,7.5,7.58,7.67,10.0,1775.0,0.11,Yes
440,83.17,Arabica,Brazil,Bourbon,7.67,7.5,7.58,7.67,7.58,10.0,890.0,0.11,Yes
441,83.17,Arabica,Guatemala,Bourbon,7.58,7.33,7.67,7.75,7.58,10.0,1901.0,0.1,Yes
442,83.17,Arabica,Other,Bourbon,7.67,7.42,7.67,7.67,7.58,10.0,168.0,0.12,Yes
444,83.17,Arabica,Other,Other,7.58,7.08,7.33,7.58,8.58,10.0,1550.0,0.07,Yes
445,83.17,Arabica,Guatemala,Caturra,7.67,7.42,7.75,7.58,7.5,10.0,1500.0,0.11,Yes
446,83.17,Arabica,Other,Catuai,7.67,7.5,7.67,7.5,7.67,10.0,1450.0,0.11,Yes
447,83.17,Arabica,Other,Other,7.5,7.33,7.67,7.67,7.67,10.0,1200.0,0.11,Yes
448,83.17,Arabica,Other,Other,7.67,7.5,7.67,7.42,7.58,10.0,1600.0,0.1,Yes
449,83.17,Arabica,Other,Bourbon,7.5,7.33,7.67,8.0,7.67,10.0,1350.0,0.0,Yes
450,83.17,Arabica,Guatemala,Bourbon,7.5,7.5,7.83,7.58,7.5,10.0,1500.0,0.11,Yes
451,83.17,Arabica,Guatemala,Bourbon,7.92,7.42,7.75,7.5,7.5,10.0,1650.0,0.12,Yes
452,83.17,Arabica,Other,Other,7.83,7.67,7.75,7.83,8.5,9.33,250.5,0.1,Yes
454,83.17,Arabica,Other,Other,7.58,7.67,7.58,7.42,7.58,10.0,1653.0,0.13,Yes
455,83.17,Arabica,Colombia,Caturra,7.58,7.5,7.67,7.5,7.67,10.0,1775.0,0.0,Yes
456,83.17,Arabica,Other,Other,8.0,7.5,7.42,7.33,7.58,10.0,1800.0,0.1,Yes
458,83.17,Arabica,Other,Catuai,7.5,7.5,7.67,7.67,7.67,10.0,1450.0,0.1,Yes
459,83.17,Arabica,Other,Caturra,7.67,7.5,7.67,7.5,7.67,10.0,1350.0,0.11,Yes
460,83.17,Arabica,Guatemala,Catuai,7.33,7.17,8.17,7.33,7.67,10.0,1524.0,0.09,Yes
462,83.17,Arabica,Other,Bourbon,7.58,7.58,7.75,7.58,7.58,10.0,1800.0,0.12,Yes
463,83.17,Arabica,Guatemala,Bourbon,7.67,7.33,7.67,7.5,7.67,10.0,1310.64,0.11,Yes
464,83.17,Arabica,Mexico,Typica,7.75,7.58,7.58,7.5,7.42,10.0,1500.0,0.11,Yes
465,83.17,Arabica,Mexico,Typica,7.75,7.58,7.5,7.42,7.58,10.0,532.0,0.12,Yes
466,83.17,Arabica,Mexico,Other,7.58,7.42,7.67,7.5,7.58,10.0,1089.0,0.14,Yes
467,83.17,Arabica,Colombia,Caturra,7.67,7.5,7.5,7.58,8.17,10.0,1775.0,0.11,Yes
468,83.17,Arabica,Mexico,Typica,7.75,7.42,7.75,7.58,7.58,10.0,700.0,0.13,Yes
469,83.17,Arabica,Colombia,Caturra,7.58,7.5,7.58,7.67,7.67,10.0,1750.0,0.11,Yes
470,83.17,Arabica,Mexico,Typica,7.5,7.58,7.58,7.67,7.5,10.0,1380.0,0.11,Yes
471,83.17,Arabica,Brazil,Other,7.75,7.58,7.5,7.58,7.58,10.0,1000.0,0.12,Yes
472,83.17,Arabica,Brazil,Other,7.92,7.5,7.58,7.42,7.5,10.0,950.0,0.11,Yes
473,83.17,Arabica,Guatemala,Bourbon,7.75,7.67,7.5,7.92,8.0,9.33,1402.08,0.0,Yes
474,83.17,Arabica,Brazil,Other,7.75,7.58,7.5,7.75,7.5,10.0,1000.0,0.12,Yes
478,83.08,Arabica,Colombia,Caturra,7.58,7.33,7.67,7.75,7.58,10.0,1799.0,0.0,Yes
480,83.08,Arabica,Brazil,Other,7.58,7.58,7.5,7.67,7.58,10.0,905.0,0.11,Yes
481,83.08,Arabica,Brazil,Other,7.33,7.67,7.33,7.75,7.42,10.0,1.0,0.0,Yes
482,83.08,Arabica,Taiwan,Typica,7.83,7.5,7.83,7.67,7.25,10.0,750.0,0.0,Yes
484,83.08,Arabica,Brazil,Bourbon,7.58,7.67,7.42,7.42,7.5,10.0,1200.0,0.0,Yes
485,83.08,Arabica,Other,Catuai,7.83,7.5,7.67,7.58,7.67,10.0,1300.0,0.1,Yes
487,83.08,Arabica,Taiwan,Typica,7.75,7.5,7.5,7.5,7.5,10.0,1300.0,0.11,Yes
489,83.08,Arabica,Mexico,Other,7.75,7.42,7.75,7.5,7.5,10.0,1400.0,0.1,Yes
492,83.08,Arabica,Colombia,Caturra,7.33,7.33,7.58,7.25,8.08,10.0,1775.0,0.01,Yes
496,83.0,Arabica,Brazil,Bourbon,7.58,7.5,7.75,7.67,7.5,10.0,890.0,0.0,Yes
497,83.0,Arabica,Brazil,Bourbon,7.5,7.58,7.67,7.58,7.5,10.0,894.0,0.11,Yes
498,83.0,Arabica,Brazil,Bourbon,7.5,7.58,7.67,7.58,7.42,10.0,872.0,0.11,Yes
499,83.0,Arabica,Other,Bourbon,7.67,7.42,7.42,7.83,7.5,10.0,1473.0,0.12,Yes
500,83.0,Arabica,Other,Bourbon,7.67,7.5,7.58,7.42,7.5,10.0,1645.0,0.12,Yes
502,83.0,Arabica,Other,Caturra,7.75,7.58,7.58,7.42,7.67,10.0,1550.0,0.0,Yes
503,83.0,Arabica,Guatemala,Catuai,7.67,7.33,7.92,7.42,7.5,10.0,1550.0,0.11,Yes
504,83.0,Arabica,Guatemala,Catuai,7.75,7.33,7.75,7.5,7.42,10.0,1371.6,0.11,Yes
505,83.0,Arabica,Guatemala,Bourbon,7.83,7.25,7.67,7.75,7.5,10.0,1500.0,0.11,Yes
506,83.0,Arabica,Brazil,Catuai,7.67,7.67,7.5,7.42,7.5,10.0,1000.0,0.0,Yes
507,83.0,Arabica,Taiwan,Typica,7.92,7.83,7.58,7.33,7.25,10.0,1200.0,0.08,Yes
508,83.0,Arabica,Other,Other,7.83,7.5,7.5,7.58,7.5,10.0,1800.0,0.12,Yes
509,83.0,Arabica,Other,Other,7.67,7.67,7.83,7.75,7.83,9.33,853.44,0.0,Yes
510,83.0,Arabica,Guatemala,Bourbon,7.67,7.42,7.83,7.5,7.5,10.0,1500.0,0.1,Yes
511,83.0,Arabica,Other,Catuai,7.67,7.5,7.58,7.5,7.5,10.0,1200.0,0.11,Yes
512,83.0,Arabica,Brazil,Other,7.75,7.42,7.67,7.42,7.67,10.0,1250.0,0.12,Yes
513,83.0,Arabica,Colombia,Caturra,7.75,7.33,7.5,7.58,7.17,10.0,1775.0,0.11,Yes
514,83.0,Arabica,Colombia,Caturra,7.83,7.58,7.33,7.5,7.67,10.0,1750.0,0.0,Yes
515,83.0,Arabica,Colombia,Caturra,7.33,7.75,7.42,7.75,7.58,10.0,1000.0,0.11,Yes
516,83.0,Arabica,Colombia,Caturra,7.58,7.42,7.67,7.58,7.42,10.0,1000.0,0.0,Yes
517,83.0,Arabica,Colombia,Caturra,7.5,7.42,7.58,7.75,7.58,10.0,1775.0,0.11,Yes
518,83.0,Arabica,Mexico,Typica,7.67,7.42,7.5,7.67,7.58,10.0,750.0,0.11,Yes
519,83.0,Arabica,Mexico,Typica,7.67,7.5,7.58,7.58,7.67,10.0,1200.0,0.11,Yes
520,83.0,Arabica,Mexico,Bourbon,7.5,7.5,7.5,7.58,7.58,10.0,1200.0,0.11,Yes
522,83.0,Arabica,Colombia,Caturra,7.75,7.5,7.67,7.83,7.75,10.0,1625.0,0.0,Yes
523,83.0,Arabica,Colombia,Caturra,7.67,7.58,7.58,7.67,7.42,10.0,1750.0,0.11,Yes
524,83.0,Arabica,Guatemala,Bourbon,7.5,7.5,7.67,7.5,7.83,10.0,1371.6,0.1,Yes
525,83.0,Arabica,Colombia,Caturra,7.67,7.58,7.5,7.67,7.42,10.0,1775.0,0.12,Yes
533,82.92,Arabica,Brazil,Bourbon,7.67,7.5,7.58,7.58,7.5,10.0,890.0,0.0,Yes
534,82.92,Arabica,Other,Bourbon,7.5,7.75,7.58,7.92,7.83,9.33,1350.0,0.0,Yes
535,82.92,Arabica,Colombia,Caturra,7.58,7.5,7.33,7.67,7.58,10.0,1500.0,0.11,Yes
536,82.92,Arabica,Taiwan,Caturra,7.17,7.25,7.67,7.67,7.58,10.0,350.0,0.09,Yes
537,82.92,Arabica,Other,Other,7.58,7.5,7.5,7.58,7.58,10.0,2000.0,0.0,Yes
538,82.92,Arabica,Taiwan,Typica,7.5,7.67,7.33,7.5,7.75,10.0,775.0,0.0,Yes
539,82.92,Arabica,Other,Other,7.58,7.67,7.58,7.5,7.5,10.0,1200.0,0.11,Yes
540,82.92,Arabica,Other,Other,8.08,7.67,7.42,7.33,7.5,10.0,1600.0,0.0,Yes
541,82.92,Arabica,Mexico,Typica,7.83,7.25,7.58,7.5,7.5,10.0,1059.0,0.13,Yes
542,82.92,Arabica,Mexico,Bourbon,7.75,7.42,7.42,7.75,7.5,10.0,1300.0,0.12,Yes
543,82.92,Arabica,Brazil,Other,7.08,7.5,7.83,7.75,7.67,10.0,11000.0,0.11,Yes
544,82.92,Arabica,Other,Other,8.0,7.5,7.58,7.33,7.42,10.0,1650.0,0.12,Yes
545,82.92,Arabica,Other,Other,7.75,7.58,7.5,7.5,7.5,10.0,1400.0,0.12,Yes
546,82.92,Arabica,Guatemala,Bourbon,7.75,7.42,7.58,7.67,7.5,10.0,1500.0,0.1,Yes
547,82.92,Arabica,Guatemala,Caturra,7.67,7.42,7.5,7.33,7.5,10.0,1500.0,0.1,Yes
549,82.92,Arabica,Colombia,Caturra,7.58,7.75,7.33,7.58,7.58,10.0,1900.0,0.11,Yes
550,82.92,Arabica,Colombia,Caturra,7.75,7.25,7.5,7.75,7.5,10.0,1750.0,0.0,Yes
551,82.92,Arabica,Guatemala,Bourbon,7.83,7.25,7.92,7.5,7.17,10.0,1706.88,0.11,Yes
552,82.92,Arabica,Colombia,Other,7.83,7.42,7.42,7.5,7.58,10.0,1450.0,0.11,Yes
553,82.92,Arabica,Mexico,Typica,7.58,7.33,7.25,7.58,7.75,10.0,1248.0,0.1,Yes
554,82.92,Arabica,Other,Other,7.67,7.17,7.58,8.08,7.42,10.0,1040.0,0.0,Yes
555,82.92,Arabica,Mexico,Typica,8.0,7.67,7.17,7.67,7.42,10.0,1400.0,0.14,Yes
559,82.83,Arabica,Other,Other,7.75,7.42,7.58,7.5,7.5,10.0,1754.0,0.1,Yes
560,82.83,Arabica,Guatemala,Bourbon,7.5,7.33,7.67,7.58,7.58,10.0,1700.0,0.11,Yes
561,82.83,Arabica,Brazil,Other,7.67,7.58,7.5,7.5,7.42,10.0,905.0,0.11,Yes
562,82.83,Arabica,Other,Other,7.33,7.67,7.83,7.33,7.67,10.0,1250.0,0.0,Yes
563,82.83,Arabica,Other,Bourbon,7.83,7.75,7.83,7.75,7.75,9.33,1900.0,0.11,Yes
564,82.83,Arabica,Other,Other,7.25,7.5,7.42,7.75,7.42,10.0,1040.0,0.11,Yes
565,82.83,Arabica,Guatemala,Bourbon,7.58,7.33,7.67,7.67,7.5,10.0,1219.2,0.11,Yes
566,82.83,Arabica,Brazil,Catuai,7.58,7.33,7.67,7.42,7.33,10.0,900.0,0.12,Yes
567,82.83,Arabica,Colombia,Other,7.83,7.5,7.58,7.5,7.67,10.0,1600.0,0.0,Yes
568,82.83,Arabica,Other,Other,7.42,7.25,7.5,7.75,7.75,10.0,1200.0,0.0,Yes
569,82.83,Arabica,Guatemala,Bourbon,7.67,7.75,7.67,7.42,7.17,10.0,1500.0,0.1,Yes
570,82.83,Arabica,Colombia,Typica,7.5,7.58,7.5,7.58,7.58,10.0,1800.0,0.0,Yes
571,82.83,Arabica,Colombia,Caturra,7.83,7.5,7.42,7.5,7.5,10.0,1775.0,0.11,Yes
572,82.83,Arabica,Other,Other,7.67,7.33,7.25,7.58,7.75,10.0,1400.0,0.11,Yes
573,82.83,Arabica,Mexico,Caturra,7.58,7.5,7.58,7.5,7.5,10.0,1550.0,0.12,Yes
574,82.83,Arabica,Mexico,Bourbon,7.67,7.42,7.75,7.42,7.42,10.0,1250.0,0.12,Yes
575,82.83,Arabica,Guatemala,Bourbon,7.67,7.33,7.5,7.33,7.92,10.0,1310.64,0.11,Yes
576,82.83,Arabica,Mexico,Typica,7.58,7.5,7.42,7.67,7.58,10.0,1380.0,0.11,Yes
578,82.75,Arabica,Guatemala,Caturra,7.5,7.42,7.67,7.58,7.5,10.0,1100.0,0.1,Yes
579,82.75,Arabica,Guatemala,Caturra,7.58,7.5,7.58,7.5,7.42,10.0,1800.0,0.11,Yes
580,82.75,Arabica,Guatemala,Bourbon,7.5,7.17,7.67,7.67,7.58,10.0,1700.0,0.11,Yes
581,82.75,Arabica,Guatemala,Bourbon,7.5,7.42,7.58,7.67,7.5,10.0,1219.2,0.1,Yes
582,82.75,Arabica,Guatemala,Bourbon,7.42,7.42,7.67,7.5,7.5,10.0,1219.2,0.1,Yes
583,82.75,Arabica,Other,Other,7.5,7.42,7.58,7.58,7.5,10.0,1500.0,0.12,Yes
584,82.75,Arabica,Guatemala,Bourbon,7.58,7.33,7.58,7.33,7.67,10.0,157.8864,0.12,Yes
585,82.75,Arabica,Taiwan,Other,7.83,7.33,7.67,7.58,7.67,10.0,650.0,0.0,Yes
586,82.75,Arabica,Other,Bourbon,7.67,7.17,7.33,7.58,7.67,10.0,1250.0,0.0,Yes
587,82.75,Arabica,Other,Caturra,7.58,7.42,7.67,7.42,7.5,10.0,1850.0,0.09,Yes
588,82.75,Arabica,Other,Caturra,7.58,7.42,7.58,7.5,7.5,10.0,1400.0,0.09,Yes
589,82.75,Arabica,Brazil,Other,7.5,7.58,7.5,7.58,7.58,10.0,905.0,0.11,Yes
590,82.75,Arabica,Other,Other,7.67,7.33,7.33,7.67,7.67,10.0,1100.0,0.1,Yes
591,82.75,Arabica,Other,Other,7.5,7.42,7.67,7.5,7.5,10.0,1500.0,0.11,Yes
592,82.75,Arabica,Colombia,Caturra,7.5,7.58,7.75,7.33,7.5,10.0,1775.0,0.0,Yes
593,82.75,Arabica,Other,Other,7.75,7.42,7.5,7.33,7.5,10.0,1442.0,0.12,Yes
594,82.75,Arabica,Guatemala,Other,7.75,7.25,7.75,7.5,7.67,10.0,1524.0,0.13,Yes
595,82.75,Arabica,Colombia,Typica,7.67,7.42,7.58,7.33,7.67,10.0,165.0,0.12,Yes
598,82.75,Arabica,Colombia,Caturra,7.58,7.17,7.33,7.25,8.58,10.0,1300.0,0.1,Yes
599,82.75,Arabica,Mexico,Typica,7.58,7.5,7.5,7.5,7.5,10.0,1550.0,0.12,Yes
600,82.75,Arabica,Mexico,Typica,7.58,7.33,7.75,7.25,7.58,10.0,1200.0,0.12,Yes
601,82.75,Arabica,Mexico,Typica,8.08,8.0,8.0,7.83,7.92,10.0,1200.0,0.12,Yes
602,82.75,Arabica,Colombia,Caturra,7.5,7.42,7.67,7.5,7.58,10.0,1625.0,0.0,Yes
603,82.75,Arabica,Colombia,Caturra,7.67,7.58,7.58,7.5,7.42,10.0,1775.0,0.11,Yes
605,82.75,Arabica,Other,Catuai,7.42,7.5,7.58,7.5,7.75,10.0,1100.0,0.0,Yes
607,82.67,Arabica,Brazil,Bourbon,7.5,7.25,7.75,7.58,7.5,10.0,890.0,0.0,Yes
608,82.67,Arabica,Brazil,Bourbon,7.5,7.5,7.67,7.5,7.42,10.0,934.0,0.11,Yes
609,82.67,Arabica,Other,Other,7.67,7.42,7.42,7.42,7.5,10.0,1300.0,0.13,Yes
610,82.67,Arabica,Other,Other,7.67,7.67,7.67,7.5,7.67,9.33,1200.0,0.0,Yes
613,82.67,Arabica,Brazil,Other,7.58,7.42,7.67,7.5,7.5,10.0,1.0,0.0,Yes
615,82.67,Arabica,Other,Other,7.5,7.5,7.5,7.5,7.58,10.0,1700.0,0.12,Yes
616,82.67,Arabica,Other,Bourbon,7.58,7.5,7.58,7.33,7.58,10.0,1550.0,0.12,Yes
617,82.67,Arabica,Taiwan,Typica,8.0,7.83,7.42,7.25,7.25,10.0,1200.0,0.08,Yes
618,82.67,Arabica,Mexico,Typica,7.67,7.42,7.5,7.42,7.5,10.0,1296.0,0.11,Yes
619,82.67,Arabica,Other,Other,7.67,7.33,7.67,7.5,7.5,10.0,1650.0,0.12,Yes
620,82.67,Arabica,Taiwan,Typica,7.67,7.5,7.5,7.5,7.5,10.0,1240.0,0.11,Yes
621,82.67,Arabica,Other,Caturra,7.42,7.5,7.67,7.58,7.5,10.0,1500.0,0.11,Yes
622,82.67,Arabica,Colombia,Caturra,7.75,7.67,7.25,7.58,7.42,10.0,1800.0,0.11,Yes
624,82.67,Arabica,Guatemala,Caturra,7.67,7.17,7.67,7.5,7.5,10.0,1500.0,0.11,Yes
626,82.67,Arabica,Mexico,Other,7.58,7.42,7.58,7.42,7.5,10.0,1100.0,0.11,Yes
627,82.67,Arabica,Mexico,Typica,7.5,7.58,7.58,7.42,7.42,10.0,950.0,0.12,Yes
630,82.67,Arabica,Mexico,Other,7.75,7.25,7.75,7.67,7.58,10.0,1400.0,0.0,Yes
633,82.58,Arabica,Guatemala,Bourbon,7.5,7.42,7.75,7.5,7.5,10.0,1219.2,0.1,Yes
634,82.58,Arabica,Taiwan,Typica,7.67,7.5,7.42,7.58,7.5,10.0,1050.0,0.11,Yes
638,82.58,Arabica,Other,Typica,7.83,7.42,7.33,7.42,7.5,10.0,1250.0,0.13,Yes
640,82.58,Arabica,Other,Caturra,7.42,7.58,7.42,7.58,7.5,10.0,1450.0,0.12,Yes
641,82.58,Arabica,Other,Other,7.75,7.33,7.5,7.58,7.5,10.0,1317.0,0.12,Yes
642,82.58,Arabica,Other,Other,7.83,7.42,7.58,7.42,7.42,10.0,1650.0,0.12,Yes
643,82.58,Arabica,Other,Catuai,7.67,7.5,7.67,7.0,7.75,10.0,1300.0,0.11,Yes
646,82.58,Arabica,Colombia,Caturra,7.75,7.33,7.42,7.5,7.83,10.0,1750.0,0.11,Yes
647,82.58,Arabica,Colombia,Caturra,7.75,7.75,7.25,7.33,7.58,10.0,1750.0,0.11,Yes
648,82.58,Arabica,Colombia,Caturra,7.58,7.42,7.58,7.67,7.42,10.0,1750.0,0.11,Yes
649,82.58,Arabica,Mexico,Typica,7.5,7.5,7.5,7.42,7.5,10.0,1250.0,0.1,Yes
650,82.58,Arabica,Mexico,Typica,7.67,7.58,7.75,7.67,6.83,10.0,1150.0,0.12,Yes
651,82.58,Arabica,Colombia,Caturra,7.33,7.58,7.42,7.67,7.5,10.0,1775.0,0.11,Yes
652,82.58,Arabica,Brazil,Other,7.58,7.33,7.75,7.5,7.5,10.0,975.0,0.0,Yes
653,82.5,Arabica,Brazil,Bourbon,7.5,7.5,7.5,7.58,7.5,10.0,890.0,0.11,Yes
654,82.5,Arabica,Other,Other,7.83,7.25,7.5,7.42,7.33,10.0,1250.0,0.11,Yes
655,82.5,Arabica,Other,Caturra,7.58,7.33,7.5,7.5,7.5,10.0,1400.0,0.1,Yes
656,82.5,Arabica,Guatemala,Bourbon,7.5,7.33,7.5,7.67,7.5,10.0,1219.2,0.1,Yes
658,82.5,Arabica,Other,Caturra,7.33,7.5,7.5,7.67,7.5,10.0,1450.0,0.11,Yes
659,82.5,Arabica,Other,Other,7.67,7.33,7.58,7.5,7.5,10.0,1600.0,0.12,Yes
661,82.5,Arabica,Mexico,Other,7.42,7.5,7.67,7.25,7.5,10.0,1600.0,0.0,Yes
662,82.5,Arabica,Brazil,Other,7.42,7.67,7.33,7.42,7.67,10.0,1260.0,0.11,Yes
663,82.5,Arabica,Guatemala,Bourbon,7.83,7.33,7.67,7.42,7.5,10.0,1310.64,0.12,Yes
664,82.5,Arabica,Colombia,Caturra,7.5,7.42,7.42,7.58,7.58,10.0,1750.0,0.11,Yes
665,82.5,Arabica,Guatemala,Bourbon,7.83,7.17,7.33,7.5,7.67,10.0,1310.64,0.11,Yes
666,82.5,Arabica,Mexico,Typica,7.5,7.5,7.5,7.42,7.42,10.0,1679.0,0.13,Yes
667,82.5,Arabica,Mexico,Typica,7.67,7.33,7.67,7.5,7.33,10.0,1100.0,0.12,Yes
668,82.5,Arabica,Mexico,Typica,7.92,7.33,7.58,7.25,7.42,10.0,1650.0,0.11,Yes
670,82.5,Arabica,Brazil,Bourbon,7.67,7.33,7.67,7.5,7.5,10.0,1250.0,0.0,Yes
671,82.5,Arabica,Colombia,Caturra,7.67,7.33,7.5,7.25,7.67,10.0,1775.0,0.11,Yes
674,82.42,Arabica,Other,Other,7.42,7.17,7.58,7.58,7.5,10.0,1500.0,0.12,No
675,82.42,Arabica,Guatemala,Bourbon,7.58,7.33,7.75,7.33,7.5,10.0,1700.0,0.1,No
676,82.42,Arabica,Guatemala,Bourbon,7.67,7.25,7.67,7.42,7.33,10.0,1700.0,0.12,No
677,82.42,Arabica,Guatemala,Bourbon,7.58,7.25,7.67,7.5,7.5,10.0,157.8864,0.12,No
679,82.42,Arabica,Colombia,Caturra,5.08,7.83,7.75,7.83,8.08,10.0,1600.0,0.11,No
680,82.42,Arabica,Other,Other,7.67,7.42,7.5,7.42,7.42,10.0,1600.0,0.1,No
682,82.42,Arabica,Other,Other,7.67,7.42,7.42,7.67,7.42,10.0,2285.0,0.13,No
683,82.42,Arabica,Brazil,Other,7.17,7.33,7.5,7.75,7.42,10.0,1.0,0.0,No
684,82.42,Arabica,Guatemala,Caturra,7.5,7.5,7.67,7.42,7.5,10.0,1400.0,0.1,No
685,82.42,Arabica,Mexico,Typica,7.42,7.42,7.58,7.42,7.5,10.0,1296.0,0.11,No
686,82.42,Arabica,Brazil,Catuai,7.58,7.33,7.5,7.5,7.42,10.0,1000.0,0.12,No
688,82.42,Arabica,Brazil,Other,7.25,7.25,7.5,7.42,7.5,10.0,1260.0,0.0,No
689,82.42,Arabica,Mexico,Bourbon,7.5,7.5,7.92,7.42,7.67,10.0,1170.0,0.12,No
691,82.42,Arabica,Colombia,Caturra,7.67,7.33,7.5,7.58,7.5,10.0,1775.0,0.11,No
692,82.42,Arabica,Mexico,Typica,7.5,7.42,7.67,7.42,7.58,10.0,1560.0,0.12,No
693,82.42,Arabica,Mexico,Typica,7.42,7.5,7.42,7.58,7.5,10.0,1400.0,0.13,No
694,82.42,Arabica,Mexico,Typica,7.42,7.33,7.58,7.5,7.5,10.0,1300.0,0.14,No
695,82.42,Arabica,Mexico,Caturra,7.75,7.25,7.58,7.58,7.33,10.0,1170.0,0.13,No
696,82.42,Arabica,Mexico,Typica,7.5,7.33,7.5,7.5,7.5,10.0,1300.0,0.11,No
697,82.42,Arabica,Mexico,Other,7.58,7.17,7.5,7.5,7.5,10.0,1350.0,0.14,No
698,82.42,Arabica,Mexico,Caturra,7.58,7.33,7.58,7.5,7.5,10.0,1150.0,0.11,No
699,82.42,Arabica,Mexico,Bourbon,7.67,7.33,7.42,7.58,7.33,10.0,1250.0,0.13,No
700,82.42,Arabica,Mexico,Typica,7.83,7.42,7.67,7.17,7.33,10.0,1450.0,0.12,No
701,82.42,Arabica,Colombia,Caturra,7.67,7.25,7.42,7.5,7.67,10.0,442.0,0.0,No
703,82.42,Arabica,Colombia,Caturra,7.33,7.17,7.58,7.42,7.58,10.0,1750.0,0.0,No
705,82.33,Arabica,Other,Caturra,7.5,7.33,7.5,7.42,7.42,10.0,1396.0,0.1,No
706,82.33,Arabica,Brazil,Catuai,7.33,7.5,7.33,7.5,7.5,10.0,982.0,0.11,No
708,82.33,Arabica,Brazil,Bourbon,7.5,7.42,7.5,7.42,7.5,10.0,934.0,0.11,No
709,82.33,Arabica,Other,Caturra,7.75,7.25,7.25,7.42,7.67,10.0,1850.0,0.1,No
710,82.33,Arabica,Other,Catuai,7.75,7.5,7.5,7.33,7.58,10.0,1550.0,0.0,No
711,82.33,Arabica,Other,Other,7.5,7.42,7.5,7.42,7.42,10.0,1580.0,0.12,No
712,82.33,Arabica,Brazil,Bourbon,8.25,7.25,8.33,8.17,8.08,10.0,1268.0,0.07,No
714,82.33,Arabica,Guatemala,Bourbon,7.5,7.17,7.83,7.5,7.5,10.0,1676.4,0.1,No
715,82.33,Arabica,Other,Other,7.33,7.42,7.58,7.33,7.5,10.0,1450.0,0.12,No
716,82.33,Arabica,Brazil,Bourbon,7.75,7.67,8.08,8.08,8.0,6.67,1100.0,0.11,No
717,82.33,Arabica,Guatemala,Other,7.58,7.5,7.58,7.75,7.5,10.0,1524.0,0.12,No
719,82.33,Arabica,Colombia,Caturra,7.42,7.5,7.17,7.08,8.33,10.0,1300.0,0.1,No
720,82.33,Arabica,Taiwan,Typica,7.5,7.5,7.5,7.5,7.5,10.0,200.0,0.11,No
721,82.33,Arabica,Taiwan,Typica,7.5,7.5,7.5,7.5,7.5,10.0,600.0,0.11,No
722,82.33,Arabica,Guatemala,Bourbon,7.5,7.58,7.5,7.5,7.58,10.0,1310.64,0.12,No
723,82.33,Arabica,Colombia,Caturra,7.5,7.5,7.5,7.5,7.58,10.0,1750.0,0.0,No
724,82.33,Arabica,Mexico,Typica,7.67,7.42,7.5,7.42,7.42,10.0,1300.0,0.12,No
726,82.33,Arabica,Guatemala,Bourbon,7.67,7.33,7.67,7.5,7.33,10.0,1752.6,0.11,No
727,82.33,Arabica,Mexico,Typica,7.58,7.58,7.33,7.0,7.58,10.0,441.0,0.15,No
728,82.33,Arabica,Mexico,Bourbon,7.67,7.5,7.58,7.5,7.5,10.0,1170.0,0.13,No
729,82.33,Arabica,Guatemala,Bourbon,7.5,7.33,7.5,7.33,7.5,10.0,1310.64,0.1,No
730,82.33,Arabica,Brazil,Other,7.58,7.42,7.5,7.5,7.42,10.0,1100.0,0.12,No
731,82.33,Arabica,Mexico,Typica,8.0,7.33,7.33,7.08,7.67,10.0,1300.0,0.11,No
732,82.33,Arabica,Brazil,Other,7.58,7.25,7.58,7.42,7.5,10.0,950.0,0.11,No
733,82.33,Arabica,Colombia,Caturra,7.83,7.33,7.25,7.58,7.42,10.0,442.0,0.0,No
734,82.25,Arabica,Brazil,Catuai,7.58,7.25,7.42,7.67,7.33,10.0,1100.0,0.09,No
736,82.25,Arabica,Guatemala,Other,7.67,7.25,7.67,7.42,7.42,10.0,1450.0,0.11,No
737,82.25,Arabica,Brazil,Other,7.42,7.5,7.08,7.5,7.42,10.0,1.0,0.0,No
738,82.25,Arabica,Other,Bourbon,7.58,7.5,7.67,7.83,8.42,9.33,1500.0,0.12,No
739,82.25,Arabica,Other,Catuai,7.58,7.42,7.58,7.42,7.42,10.0,1350.0,0.11,No
740,82.25,Arabica,Other,Other,7.58,7.33,7.42,7.58,7.5,10.0,1180.0,0.13,No
741,82.25,Arabica,Brazil,Bourbon,7.75,7.42,7.42,7.33,7.33,10.0,1100.0,0.11,No
742,82.25,Arabica,Taiwan,Typica,7.5,7.5,7.5,7.5,7.5,10.0,650.0,0.11,No
743,82.25,Arabica,Mexico,Other,7.58,7.42,7.42,7.42,7.42,10.0,1338.0,0.12,No
745,82.25,Arabica,Mexico,Bourbon,7.58,7.5,7.17,7.42,7.42,10.0,533.0,0.16,No
746,82.25,Arabica,Guatemala,Bourbon,7.5,7.33,7.58,7.67,7.33,10.0,1390.8024,0.11,No
747,82.25,Arabica,Mexico,Bourbon,7.5,7.42,7.67,7.33,7.42,10.0,1170.0,0.13,No
748,82.25,Arabica,Mexico,Typica,7.67,7.33,7.5,7.42,7.42,10.0,1250.0,0.12,No
750,82.25,Arabica,Mexico,Typica,7.33,7.42,7.67,7.33,7.5,10.0,1100.0,0.11,No
751,82.25,Arabica,Mexico,Typica,7.42,7.42,7.58,7.42,7.5,10.0,900.0,0.1,No
752,82.25,Arabica,Colombia,Caturra,7.5,7.67,7.33,7.58,7.33,10.0,1750.0,0.12,No
753,82.25,Arabica,Colombia,Caturra,7.67,7.33,7.33,7.5,7.5,10.0,1775.0,0.11,No
756,82.17,Arabica,Brazil,Bourbon,7.42,7.5,7.42,7.42,7.5,10.0,934.0,0.11,No
757,82.17,Arabica,Other,Caturra,7.5,7.17,7.42,7.5,7.5,10.0,1500.0,0.11,No
759,82.17,Arabica,Other,Bourbon,7.58,7.42,7.33,7.5,7.42,10.0,1650.0,0.13,No
760,82.17,Arabica,Other,Other,7.42,7.42,7.5,7.5,7.33,10.0,1600.0,0.12,No
761,82.17,Arabica,Brazil,Other,6.92,7.42,7.33,7.83,7.5,10.0,1.0,0.0,No
763,82.17,Arabica,Other,Catuai,7.67,7.25,7.42,7.58,7.42,10.0,1350.0,0.11,No
764,82.17,Arabica,Guatemala,Bourbon,7.42,7.5,7.5,7.42,7.5,10.0,1500.0,0.09,No
766,82.17,Arabica,Other,Other,7.75,7.42,7.58,7.33,7.42,10.0,1700.0,0.12,No
767,82.17,Arabica,Mexico,Other,7.42,7.17,7.42,7.33,8.17,10.0,1100.0,0.12,No
768,82.17,Arabica,Mexico,Other,7.5,7.33,7.42,7.5,7.42,10.0,1400.0,0.1,No
769,82.17,Arabica,Taiwan,Typica,7.5,7.5,7.5,7.5,7.5,10.0,1200.0,0.11,No
770,82.17,Arabica,Taiwan,Typica,7.67,7.5,7.17,7.17,7.58,10.0,800.0,0.0,No
771,82.17,Arabica,Colombia,Caturra,7.33,7.25,7.58,7.75,7.5,10.0,1750.0,0.0,No
772,82.17,Arabica,Mexico,Typica,7.5,7.0,7.5,7.33,7.5,10.0,1144.0,0.15,No
773,82.17,Arabica,Guatemala,Caturra,7.25,7.0,7.75,8.17,7.75,9.33,1350.0,0.12,No
774,82.17,Arabica,Mexico,Typica,7.5,7.25,7.5,7.5,7.33,10.0,1000.0,0.12,No
775,82.17,Arabica,Mexico,Typica,7.0,7.5,7.5,7.42,7.5,10.0,1200.0,0.1,No
777,82.08,Arabica,Other,Bourbon,7.5,7.42,7.42,7.5,7.42,10.0,1300.0,0.15,No
779,82.08,Arabica,Brazil,Bourbon,7.42,7.42,7.5,7.42,7.25,10.0,894.0,0.11,No
780,82.08,Arabica,Brazil,Other,7.25,7.58,7.58,7.25,7.92,10.0,1.0,0.0,No
781,82.08,Arabica,Other,Caturra,7.75,7.42,7.25,7.17,7.42,10.0,1300.0,0.0,No
782,82.08,Arabica,Other,Bourbon,7.42,7.42,7.42,7.5,7.58,10.0,1500.0,0.12,No
783,82.08,Arabica,Other,Other,7.42,7.5,7.33,7.33,7.5,10.0,1600.0,0.12,No
785,82.08,Arabica,Other,Caturra,7.58,7.33,7.33,7.5,7.67,10.0,13.0,0.11,No
787,82.08,Arabica,Mexico,Typica,7.42,7.5,7.33,7.42,7.42,10.0,1300.0,0.13,No
788,82.08,Arabica,Mexico,Typica,7.5,7.42,7.5,7.25,7.5,10.0,1800.0,0.13,No
789,82.08,Arabica,Mexico,Typica,7.67,7.25,7.58,7.42,7.33,10.0,1250.0,0.11,No
790,82.08,Arabica,Other,Other,7.67,7.17,7.08,7.67,7.08,10.0,1040.0,0.12,No
791,82.08,Arabica,Mexico,Typica,7.58,7.25,7.75,7.33,7.42,10.0,1250.0,0.11,No
794,82.0,Arabica,Other,Caturra,7.5,7.17,7.5,7.5,7.42,10.0,1600.0,0.12,No
795,82.0,Arabica,Other,Caturra,7.5,7.25,7.33,7.42,7.5,10.0,1600.0,0.1,No
796,82.0,Arabica,Brazil,Bourbon,7.5,7.42,7.5,7.33,7.42,10.0,944.0,0.11,No
797,82.0,Arabica,Other,Other,7.67,7.33,7.42,7.42,7.42,10.0,1650.0,0.13,No
798,82.0,Arabica,Other,Other,7.42,7.25,7.33,7.5,7.5,10.0,1250.0,0.12,No
799,82.0,Arabica,Other,Other,7.42,7.33,7.58,7.33,7.42,10.0,1350.0,0.12,No
800,82.0,Arabica,Other,Other,7.5,7.33,7.58,7.33,7.5,10.0,2500.0,0.13,No
801,82.0,Arabica,Taiwan,Typica,7.33,7.17,7.42,7.5,7.33,10.0,600.0,0.09,No
803,82.0,Arabica,Other,Catuai,7.5,7.33,7.33,7.75,7.5,10.0,1300.0,0.1,No
804,82.0,Arabica,Other,Caturra,7.33,7.33,7.5,7.5,7.83,10.0,1400.0,0.11,No
805,82.0,Arabica,Colombia,Caturra,7.33,7.58,7.5,7.5,7.58,10.0,1900.0,0.11,No
806,82.0,Arabica,Taiwan,Typica,7.42,7.33,7.42,8.0,7.5,10.0,650.0,0.12,No
807,82.0,Arabica,Brazil,Other,7.33,7.42,7.17,7.33,7.42,10.0,1038.5,0.11,No
808,82.0,Arabica,Mexico,Typica,7.67,7.25,7.5,7.42,7.42,10.0,940.0,0.12,No
809,82.0,Arabica,Brazil,Other,7.42,7.33,7.5,7.33,7.5,10.0,1000.0,0.12,No
810,82.0,Arabica,Brazil,Catuai,7.42,7.25,7.5,7.5,7.42,10.0,1050.0,0.11,No
812,82.0,Arabica,Brazil,Other,7.58,7.17,7.5,7.5,7.42,10.0,950.0,0.12,No
813,82.0,Arabica,Guatemala,Bourbon,7.75,7.33,7.42,7.75,7.67,9.33,1402.08,0.0,No
814,82.0,Arabica,Colombia,Caturra,7.33,7.08,7.42,7.5,7.67,10.0,1775.0,0.07,No
815,81.92,Arabica,Guatemala,Bourbon,7.58,7.25,7.58,7.58,7.5,10.0,1901.0,0.1,No
816,81.92,Arabica,Guatemala,Bourbon,7.5,7.25,7.42,7.42,7.42,10.0,1219.2,0.11,No
817,81.92,Arabica,Other,Caturra,7.58,7.25,7.33,7.42,7.5,10.0,1400.0,0.12,No
818,81.92,Arabica,Brazil,Catuai,7.42,7.33,7.5,7.5,7.33,10.0,1020.0,0.11,No
819,81.92,Arabica,Other,Bourbon,7.67,7.33,7.5,7.5,7.67,9.33,1250.0,0.11,No
820,81.92,Arabica,Guatemala,Catuai,7.58,7.17,7.83,7.17,7.33,10.0,1550.0,0.11,No
821,81.92,Arabica,Other,Other,7.33,7.33,7.42,7.5,7.58,10.0,1877.0,0.12,No
823,81.92,Arabica,Other,Other,7.67,7.42,7.33,7.75,7.42,10.0,1250.0,0.0,No
825,81.92,Arabica,Taiwan,Typica,7.5,7.42,7.25,7.5,7.5,10.0,1000.0,0.11,No
826,81.92,Arabica,Mexico,Bourbon,7.58,7.25,7.58,7.5,7.25,10.0,1300.0,0.12,No
827,81.92,Arabica,Mexico,Typica,7.5,7.25,7.25,7.5,7.5,10.0,981.0,0.13,No
828,81.92,Arabica,Mexico,Other,7.5,7.25,7.5,7.33,7.33,10.0,690.0,0.14,No
829,81.92,Arabica,Mexico,Other,7.33,7.17,7.58,7.42,7.33,10.0,1650.0,0.12,No
830,81.92,Arabica,Mexico,Bourbon,7.67,7.33,7.83,7.5,7.5,10.0,1000.0,0.12,No
831,81.92,Arabica,Brazil,Other,7.42,7.25,7.5,7.33,7.5,10.0,1100.0,0.12,No
833,81.83,Arabica,Guatemala,Bourbon,7.42,7.25,7.5,7.33,7.42,10.0,157.8864,0.1,No
834,81.83,Arabica,Other,Catuai,7.25,7.5,7.33,7.67,7.42,10.0,1900.0,0.0,No
835,81.83,Arabica,Brazil,Other,7.42,7.42,7.5,7.42,7.25,10.0,973.0,0.11,No
836,81.83,Arabica,Other,Other,7.75,7.58,7.75,7.92,7.83,10.0,1250.0,0.11,No
837,81.83,Arabica,Guatemala,Bourbon,7.58,7.33,7.42,7.58,7.25,10.0,3280.0,0.1,No
838,81.83,Arabica,Brazil,Other,7.17,6.83,7.5,7.75,7.25,10.0,1.0,0.0,No
839,81.83,Arabica,Brazil,Other,7.58,6.92,6.92,7.67,7.5,10.0,1.0,0.0,No
840,81.83,Arabica,Other,Catuai,7.33,7.5,7.42,7.33,7.33,10.0,4001.0,0.0,No
841,81.83,Arabica,Mexico,Catuai,7.58,7.33,7.5,7.17,7.33,10.0,1425.0,0.11,No
842,81.83,Arabica,Other,Catuai,7.5,7.33,7.5,7.42,7.25,10.0,1400.0,0.12,No
843,81.83,Arabica,Other,Caturra,7.67,7.5,7.25,7.08,7.42,10.0,1300.0,0.09,No
844,81.83,Arabica,Taiwan,Typica,7.67,7.17,7.25,7.75,7.33,10.0,700.0,0.0,No
845,81.83,Arabica,Other,Typica,7.42,7.42,7.33,7.42,7.42,10.0,1300.0,0.11,No
846,81.83,Arabica,Other,Other,7.58,7.33,7.33,7.33,7.42,10.0,1556.0,0.13,No
847,81.83,Arabica,Brazil,Bourbon,7.33,7.25,7.17,7.83,7.33,10.0,1100.0,0.11,No
848,81.83,Arabica,Other,Caturra,7.5,7.33,7.33,7.33,7.33,10.0,1350.0,0.1,No
849,81.83,Arabica,Mexico,Typica,7.42,7.25,7.5,7.33,7.42,10.0,1550.0,0.11,No
850,81.83,Arabica,Colombia,Caturra,7.5,7.0,7.42,7.5,7.58,10.0,1775.0,0.0,No
852,81.83,Arabica,Brazil,Bourbon,7.75,7.5,7.42,7.83,7.75,9.33,1250.0,0.12,No
853,81.83,Arabica,Guatemala,Bourbon,7.83,7.33,7.33,7.67,7.83,9.33,1310.64,0.11,No
854,81.83,Arabica,Mexico,Bourbon,7.83,7.25,7.58,7.25,7.33,10.0,1500.0,0.12,No
855,81.83,Arabica,Mexico,Typica,7.33,7.25,7.5,7.5,7.5,10.0,1250.0,0.12,No
856,81.83,Arabica,Brazil,Other,7.33,7.25,7.5,7.5,7.25,10.0,925.0,0.02,No
859,81.75,Arabica,Guatemala,Bourbon,7.5,7.25,7.42,7.42,7.33,10.0,1700.0,0.11,No
860,81.75,Arabica,Other,Caturra,7.0,7.33,7.5,7.5,7.33,10.0,1040.0,0.12,No
861,81.75,Arabica,Other,Other,7.42,7.42,7.42,7.33,7.33,10.0,1600.0,0.12,No
863,81.75,Arabica,Mexico,Bourbon,7.5,7.33,7.42,7.25,7.25,10.0,774.0,0.13,No
864,81.75,Arabica,Mexico,Other,7.42,7.17,7.67,7.33,7.42,10.0,1250.0,0.13,No
865,81.75,Arabica,Mexico,Typica,7.42,7.33,7.58,7.33,7.33,10.0,1100.0,0.11,No
866,81.75,Arabica,Mexico,Caturra,7.33,7.33,7.67,7.42,7.25,10.0,1550.0,0.12,No
867,81.75,Arabica,Mexico,Typica,7.5,7.25,7.33,7.67,7.25,10.0,1650.0,0.12,No
868,81.75,Arabica,Colombia,Caturra,7.33,7.33,7.33,7.5,7.67,10.0,1750.0,0.0,No
870,81.67,Arabica,Brazil,Bourbon,7.42,7.25,7.5,7.5,7.25,10.0,890.0,0.11,No
871,81.67,Arabica,Guatemala,Bourbon,7.42,7.08,7.42,7.33,7.42,10.0,1700.0,0.1,No
872,81.67,Arabica,Guatemala,Bourbon,7.42,7.17,7.67,7.33,7.42,10.0,1219.2,0.12,No
873,81.67,Arabica,Other,Catuai,7.58,7.33,7.33,7.42,7.25,10.0,1450.0,0.11,No
877,81.67,Arabica,Brazil,Other,7.25,6.92,7.42,7.5,7.58,10.0,1.0,0.0,No
878,81.67,Arabica,Other,Other,7.42,7.25,7.42,7.5,7.42,10.0,1500.0,0.12,No
879,81.67,Arabica,Other,Other,7.33,7.5,7.25,7.42,7.33,10.0,1700.0,0.12,No
880,81.67,Arabica,Brazil,Bourbon,7.25,7.25,7.5,7.5,7.42,10.0,1260.0,0.1,No
882,81.67,Arabica,Other,Caturra,7.5,7.5,7.5,7.17,7.17,10.0,1400.0,0.1,No
883,81.67,Arabica,Other,Caturra,7.5,7.17,7.17,7.5,7.08,10.0,1850.0,0.11,No
885,81.67,Arabica,Taiwan,Typica,7.5,7.5,7.25,7.42,7.25,10.0,150.0,0.11,No
886,81.67,Arabica,Taiwan,Typica,7.58,7.33,7.42,7.33,7.33,10.0,750.0,0.11,No
887,81.67,Arabica,Mexico,Typica,7.5,7.08,7.58,7.33,7.33,10.0,1400.0,0.12,No
888,81.67,Arabica,Guatemala,Bourbon,7.5,7.33,7.33,7.33,7.33,10.0,1752.6,0.11,No
889,81.67,Arabica,Mexico,Typica,7.25,7.58,7.67,7.67,7.58,10.0,1650.0,0.13,No
890,81.67,Arabica,Mexico,Bourbon,7.67,7.17,7.75,7.5,7.25,10.0,1400.0,0.11,No
891,81.67,Arabica,Mexico,Bourbon,7.5,7.33,7.42,7.42,7.42,10.0,1200.0,0.11,No
892,81.67,Arabica,Mexico,Bourbon,7.58,7.25,7.58,7.25,7.17,10.0,1400.0,0.11,No
893,81.67,Arabica,Mexico,Caturra,7.75,7.25,7.17,7.58,7.33,10.0,940.0,0.11,No
895,81.58,Arabica,Other,Other,7.5,7.08,7.42,7.5,7.33,10.0,1200.0,0.11,No
896,81.58,Arabica,Guatemala,Bourbon,7.42,7.08,7.5,7.42,7.33,10.0,190164.0,0.12,No
897,81.58,Arabica,Taiwan,Typica,7.42,7.25,7.67,7.33,7.25,10.0,800.0,0.1,No
898,81.58,Arabica,Other,Caturra,7.58,7.5,7.17,7.08,7.58,10.0,13.0,0.12,No
899,81.58,Arabica,Other,Other,7.42,7.33,7.42,7.42,7.33,10.0,1800.0,0.12,No
900,81.58,Arabica,Other,Other,7.42,7.17,7.58,7.33,7.33,10.0,1100.0,0.13,No
901,81.58,Arabica,Taiwan,Typica,7.33,7.08,7.08,8.33,8.25,9.33,850.0,0.0,No
902,81.58,Arabica,Brazil,Other,7.42,7.33,7.33,7.5,7.25,10.0,1260.0,0.12,No
903,81.58,Arabica,Guatemala,Bourbon,7.42,7.17,7.58,7.42,7.5,10.0,1310.64,0.12,No
904,81.58,Arabica,Mexico,Typica,7.67,7.42,7.5,6.75,7.42,10.0,1400.0,0.12,No
905,81.58,Arabica,Mexico,Other,7.33,7.25,7.5,7.5,7.17,10.0,1600.0,0.11,No
906,81.58,Arabica,Mexico,Typica,7.67,7.42,7.58,7.58,7.42,8.67,1650.0,0.11,No
910,81.5,Arabica,Guatemala,Bourbon,7.67,7.17,7.42,7.33,7.42,10.0,1219.2,0.1,No
911,81.5,Arabica,Other,Caturra,7.5,7.33,7.33,7.25,7.33,10.0,1100.0,0.11,No
912,81.5,Arabica,Other,Caturra,7.5,7.33,7.42,7.17,7.25,10.0,1400.0,0.1,No
914,81.5,Arabica,Taiwan,Typica,7.5,7.33,7.08,7.58,7.25,10.0,180.0,0.12,No
915,81.5,Arabica,Other,Catuai,7.25,7.25,7.5,7.33,7.33,10.0,1219.2,0.0,No
916,81.5,Arabica,Other,Caturra,7.83,7.08,7.08,7.33,7.5,10.0,1200.0,0.12,No
917,81.5,Arabica,Other,Other,7.67,6.92,7.5,7.5,7.17,10.0,1599.0,0.12,No
918,81.5,Arabica,Guatemala,Other,7.5,7.17,7.58,7.25,7.42,10.0,1219.2,0.12,No
919,81.5,Arabica,Taiwan,Typica,7.42,7.67,7.33,7.42,7.5,9.33,900.0,0.11,No
920,81.5,Arabica,Brazil,Other,7.58,7.5,7.67,7.67,7.83,9.33,1200.0,0.0,No
921,81.5,Arabica,Other,Other,7.42,7.25,7.42,7.42,7.33,10.0,825.0,0.11,No
922,81.5,Arabica,Taiwan,Typica,7.5,7.25,7.25,7.33,7.33,10.0,600.0,0.11,No
923,81.5,Arabica,Mexico,Typica,7.33,7.17,7.42,7.5,7.5,10.0,1150.0,0.13,No
924,81.5,Arabica,Mexico,Typica,7.58,7.25,7.42,7.33,7.33,10.0,1600.0,0.12,No
925,81.5,Arabica,Mexico,Catuai,7.42,7.17,7.42,7.17,8.0,10.0,1100.0,0.12,No
926,81.5,Arabica,Mexico,Typica,7.33,7.33,7.33,7.33,7.42,10.0,1000.0,0.11,No
927,81.5,Arabica,Mexico,Bourbon,7.42,7.33,7.17,7.25,7.42,10.0,1250.0,0.13,No
928,81.5,Arabica,Mexico,Typica,7.5,7.25,7.5,7.42,7.58,10.0,1100.0,0.11,No
929,81.5,Arabica,Other,Other,7.75,7.17,7.33,7.58,7.33,10.0,1400.0,0.12,No
930,81.5,Arabica,Brazil,Bourbon,7.5,7.17,7.42,7.5,7.33,10.0,125.0,0.12,No
934,81.42,Arabica,Mexico,Other,7.58,7.08,7.33,7.5,7.33,10.0,1100.0,0.12,No
935,81.42,Arabica,Guatemala,Catuai,7.42,7.08,7.58,7.33,7.25,10.0,1371.6,0.1,No
936,81.42,Arabica,Brazil,Catuai,7.33,7.5,7.33,6.83,7.42,10.0,1100.0,0.11,No
937,81.42,Arabica,Other,Catuai,7.5,7.17,7.25,7.5,7.42,10.0,1400.0,0.12,No
938,81.42,Arabica,Taiwan,Typica,7.83,7.42,7.17,7.08,7.08,10.0,110.0,0.12,No
939,81.42,Arabica,Other,Other,7.58,7.33,7.42,7.08,7.42,10.0,1422.0,0.12,No
940,81.42,Arabica,Brazil,Bourbon,7.25,7.42,7.17,7.33,7.33,10.0,1100.0,0.0,No
941,81.42,Arabica,Guatemala,Bourbon,7.42,7.17,7.42,7.42,7.42,10.0,1550.0,0.1,No
942,81.42,Arabica,Mexico,Typica,7.67,7.25,7.17,7.25,7.42,10.0,1550.0,0.0,No
944,81.42,Arabica,Guatemala,Bourbon,7.42,7.25,7.42,7.42,7.5,10.0,1310.64,0.12,No
945,81.42,Arabica,Mexico,Caturra,7.42,7.25,7.17,7.25,7.42,10.0,763.0,0.13,No
946,81.42,Arabica,Mexico,Typica,7.42,7.25,7.25,7.5,7.33,10.0,1100.0,0.13,No
947,81.42,Arabica,Colombia,Caturra,7.5,7.25,7.17,7.17,7.75,10.0,1750.0,0.11,No
951,81.33,Arabica,Other,Caturra,7.5,7.0,7.17,7.5,7.33,10.0,1500.0,0.11,No
953,81.33,Arabica,Brazil,Catuai,7.25,7.33,7.33,7.33,7.42,10.0,1100.0,0.11,No
954,81.33,Arabica,Other,Catuai,7.58,7.17,7.42,7.17,7.17,10.0,1350.0,0.09,No
955,81.33,Arabica,Brazil,Other,7.17,7.42,7.25,7.42,7.33,10.0,1200.0,0.12,No
956,81.33,Arabica,Other,Other,7.08,7.42,7.33,7.33,7.5,10.0,1400.0,0.14,No
957,81.33,Arabica,Other,Other,7.75,7.08,7.33,7.33,7.25,10.0,1200.0,0.13,No
958,81.33,Arabica,Other,Catuai,7.33,7.17,7.33,7.5,7.33,10.0,1450.0,0.12,No
959,81.33,Arabica,Mexico,Typica,7.58,7.25,7.33,7.25,7.25,10.0,1800.0,0.13,No
960,81.33,Arabica,Mexico,Typica,7.33,7.17,7.42,7.58,7.33,10.0,1000.0,0.12,No
961,81.33,Arabica,Brazil,Catuai,7.5,7.5,7.5,7.75,7.83,9.33,1100.0,0.11,No
962,81.25,Arabica,Taiwan,Typica,7.83,7.67,7.83,7.83,7.75,10.0,680.0,0.12,No
963,81.25,Arabica,Brazil,Other,7.17,7.17,7.08,6.92,8.17,10.0,1.0,0.0,No
964,81.25,Arabica,Other,Catuai,7.08,7.33,7.17,7.42,7.25,10.0,1100.0,0.1,No
965,81.25,Arabica,Other,Catuai,7.42,7.17,7.5,7.33,7.25,10.0,1400.0,0.12,No
966,81.25,Arabica,Guatemala,Other,7.33,7.17,7.25,7.42,7.33,10.0,1700.0,0.09,No
967,81.25,Arabica,Other,Other,7.33,7.17,7.5,7.25,7.42,10.0,1700.0,0.13,No
968,81.25,Arabica,Taiwan,Typica,7.5,7.25,7.25,7.25,7.25,10.0,650.0,0.11,No
969,81.25,Arabica,Guatemala,Caturra,7.5,7.5,7.58,7.0,7.25,10.0,1524.0,0.11,No
970,81.25,Arabica,Mexico,Typica,7.42,7.33,7.33,7.5,7.42,10.0,1500.0,0.12,No
972,81.17,Arabica,Other,Bourbon,7.67,7.17,7.33,7.5,7.17,10.0,1050.0,0.12,No
973,81.17,Arabica,Mexico,Caturra,7.75,7.08,7.25,7.08,7.25,10.0,1200.0,0.12,No
974,81.17,Arabica,Other,Caturra,7.5,7.33,7.17,7.08,7.17,10.0,1300.0,0.11,No
975,81.17,Arabica,Other,Catuai,7.42,7.0,7.42,7.33,7.33,10.0,1450.0,0.13,No
976,81.17,Arabica,Other,Caturra,6.83,7.42,7.17,7.5,7.42,10.0,1450.0,0.12,No
977,81.17,Arabica,Other,Typica,7.25,7.25,7.08,7.58,7.5,10.0,1200.0,0.0,No
978,81.17,Arabica,Other,Bourbon,7.58,7.17,7.33,7.33,7.25,10.0,1550.0,0.12,No
979,81.17,Arabica,Other,Caturra,7.58,7.33,7.08,7.33,7.33,10.0,995.0,0.12,No
980,81.17,Arabica,Other,Catuai,7.33,7.33,7.25,7.33,7.58,10.0,1300.0,0.11,No
982,81.17,Arabica,Mexico,Typica,7.42,7.08,7.75,7.42,7.17,10.0,1800.0,0.13,No
983,81.17,Arabica,Guatemala,Caturra,7.42,7.33,7.25,7.25,7.42,10.0,1450.0,0.12,No
984,81.17,Arabica,Brazil,Other,7.42,7.25,7.42,7.5,7.17,10.0,1000.0,0.12,No
987,81.08,Arabica,Brazil,Other,7.58,7.5,7.25,7.75,7.58,9.33,695.0,0.11,No
988,81.08,Arabica,Other,Other,7.33,7.33,7.42,7.33,7.33,10.0,1100.0,0.11,No
989,81.08,Arabica,Other,Other,7.42,7.33,7.42,7.25,7.33,10.0,1706.88,0.0,No
990,81.08,Arabica,Other,Other,7.42,7.33,7.25,7.25,7.33,10.0,1456.0,0.13,No
991,81.08,Arabica,Other,Caturra,7.42,7.17,7.25,7.25,7.58,10.0,1500.0,0.13,No
992,81.08,Arabica,Other,Other,7.67,7.67,7.58,7.58,7.67,10.0,853.44,0.0,No
993,81.08,Arabica,Mexico,Typica,7.25,7.33,7.33,7.17,7.33,10.0,1650.0,0.13,No
994,81.08,Arabica,Mexico,Typica,7.33,7.33,7.42,7.25,7.42,10.0,1300.0,0.12,No
995,81.08,Arabica,Mexico,Typica,7.33,7.25,7.42,7.25,7.25,10.0,1642.0,0.11,No
996,81.08,Arabica,Mexico,Typica,7.42,7.25,7.42,7.17,7.25,10.0,1200.0,0.1,No
999,81.0,Arabica,Other,Bourbon,7.42,7.08,7.33,7.25,7.58,10.0,1450.0,0.0,No
1001,81.0,Arabica,Guatemala,Bourbon,7.42,7.17,7.5,7.25,7.17,10.0,3280.0,0.09,No
1002,81.0,Arabica,Colombia,Caturra,7.67,7.42,5.25,7.67,7.75,10.0,1600.0,0.0,No
1003,81.0,Arabica,Guatemala,Bourbon,7.5,7.0,7.25,7.5,7.25,10.0,1219.2,0.11,No
1004,81.0,Arabica,Taiwan,Typica,7.25,7.17,7.25,7.5,7.33,10.0,758.0,0.12,No
1005,81.0,Arabica,Other,Caturra,7.42,7.25,7.33,7.25,7.17,10.0,1350.0,0.12,No
1007,81.0,Arabica,Other,Other,7.33,7.08,7.42,7.17,7.33,10.0,1525.0,0.12,No
1008,81.0,Arabica,Other,Other,7.33,7.17,7.33,7.42,7.42,10.0,1700.0,0.12,No
1009,81.0,Arabica,Taiwan,Typica,7.5,7.33,7.33,7.33,7.33,10.0,1100.0,0.11,No
1011,81.0,Arabica,Mexico,Other,7.08,7.33,7.33,7.42,7.25,10.0,950.0,0.12,No
1012,81.0,Arabica,Mexico,Typica,7.58,7.5,7.67,7.58,7.5,10.0,1100.0,0.0,No
1013,80.92,Arabica,Taiwan,Other,7.33,7.25,7.33,7.33,7.25,10.0,200.0,0.0,No
1014,80.92,Arabica,Guatemala,Bourbon,7.67,7.33,7.58,7.67,7.5,9.33,1901.0,0.1,No
1015,80.92,Arabica,Other,Other,7.17,7.5,7.5,8.0,7.75,10.0,1600.0,0.11,No
1016,80.92,Arabica,Mexico,Bourbon,7.5,7.17,7.42,7.5,7.33,10.0,1100.0,0.11,No
1017,80.92,Arabica,Other,Other,7.17,7.0,7.58,7.33,7.0,10.0,1066.8,0.0,No
1019,80.92,Arabica,Other,Other,7.33,7.17,7.25,7.42,7.33,10.0,1700.0,0.12,No
1020,80.92,Arabica,Brazil,Other,7.25,7.25,7.25,7.25,7.33,10.0,1200.0,0.12,No
1021,80.92,Arabica,Taiwan,Typica,7.92,7.33,7.08,7.08,7.08,10.0,550.0,0.09,No
1022,80.92,Arabica,Brazil,Bourbon,7.17,7.17,7.25,7.25,7.33,10.0,1100.0,0.1,No
1023,80.92,Arabica,Other,Caturra,7.33,7.25,7.0,7.5,7.42,10.0,1050.0,0.1,No
1024,80.92,Arabica,Guatemala,Other,7.58,6.92,7.5,7.25,7.17,10.0,1524.0,0.12,No
1025,80.92,Arabica,Taiwan,Typica,7.42,7.25,7.25,7.25,7.25,10.0,900.0,0.11,No
1026,80.92,Arabica,Taiwan,Typica,7.25,7.08,7.08,7.08,8.08,10.0,688.0,0.11,No
1027,80.92,Arabica,Taiwan,Typica,7.42,7.25,7.25,7.25,7.25,10.0,300.0,0.11,No
1028,80.92,Arabica,Mexico,Typica,7.58,7.08,7.5,7.17,7.25,10.0,1186.0,0.13,No
1030,80.83,Arabica,Other,Other,7.42,7.17,7.17,7.17,7.25,10.0,1300.0,0.0,No
1031,80.83,Arabica,Guatemala,Caturra,7.67,7.08,7.33,7.17,7.25,10.0,1200.0,0.11,No
1032,80.83,Arabica,Mexico,Catuai,7.17,7.25,7.42,7.25,7.33,10.0,1210.0,0.13,No
1033,80.83,Arabica,Mexico,Typica,7.33,7.33,7.33,7.25,7.17,10.0,1100.0,0.11,No
1034,80.83,Arabica,Mexico,Bourbon,7.5,7.33,7.25,7.17,7.17,10.0,100.0,0.13,No
1038,80.75,Arabica,Other,Catuai,6.92,7.0,7.58,7.5,7.08,10.0,3825.0,0.0,No
1039,80.75,Arabica,Guatemala,Caturra,7.5,7.0,7.42,7.17,7.17,10.0,1706.88,0.12,No
1040,80.75,Arabica,Other,Other,7.25,7.17,7.25,7.33,7.25,10.0,110000.0,0.12,No
1041,80.75,Arabica,Other,Caturra,7.5,7.0,7.42,7.25,7.17,10.0,1450.0,0.11,No
1042,80.75,Arabica,Other,Caturra,7.25,7.17,7.33,7.33,7.17,10.0,1680.0,0.11,No
1043,80.75,Arabica,Other,Catuai,7.42,7.08,7.42,7.25,7.25,10.0,1350.0,0.09,No
1044,80.75,Arabica,Other,Catuai,7.25,7.08,7.5,7.25,7.33,10.0,1450.0,0.13,No
1045,80.75,Arabica,Other,Caturra,7.33,7.25,7.25,7.17,7.17,10.0,1300.0,0.11,No
1046,80.75,Arabica,Mexico,Typica,7.58,7.42,7.25,7.5,7.5,10.0,1200.0,0.11,No
1047,80.75,Arabica,Other,Typica,7.42,7.42,7.25,7.08,7.33,10.0,1000.0,0.12,No
1050,80.67,Arabica,Other,Other,7.58,7.0,7.67,7.5,7.5,10.0,1350.0,0.13,No
1051,80.67,Arabica,Guatemala,Bourbon,7.67,6.83,7.17,7.42,7.17,10.0,1500.0,0.11,No
1052,80.67,Arabica,Other,Caturra,7.83,7.67,7.67,7.83,7.5,10.0,185.0,0.11,No
1053,80.67,Arabica,Other,Caturra,7.5,7.17,7.17,7.25,7.17,10.0,995.0,0.12,No
1054,80.67,Arabica,Mexico,Typica,7.25,7.17,7.25,7.17,7.42,10.0,1200.0,0.12,No
1055,80.67,Arabica,Colombia,Caturra,7.67,7.42,7.67,7.5,7.75,6.67,1550.0,0.0,No
1056,80.67,Arabica,Guatemala,Bourbon,7.67,7.0,7.5,7.0,7.0,10.0,1550.0,0.12,No
1062,80.58,Arabica,Other,Other,7.25,7.08,7.33,7.33,7.25,10.0,1400.0,0.12,No
1063,80.58,Arabica,Brazil,Bourbon,7.42,7.33,7.0,7.08,7.25,10.0,1200.0,0.0,No
1064,80.58,Arabica,Other,Caturra,7.5,7.0,7.42,7.33,7.0,10.0,1400.0,0.11,No
1065,80.58,Arabica,Guatemala,Bourbon,7.17,6.83,7.5,7.17,7.25,10.0,1383.792,0.11,No
1068,80.5,Arabica,Taiwan,Other,7.17,7.17,7.42,7.17,7.25,10.0,50.0,0.0,No
1069,80.5,Arabica,Guatemala,Caturra,7.33,7.08,7.17,7.25,7.17,10.0,1500.0,0.1,No
1070,80.5,Arabica,Other,Catuai,7.58,7.0,7.17,7.33,7.08,10.0,1650.0,0.11,No
1072,80.5,Arabica,Brazil,Other,7.25,7.17,7.5,7.33,7.25,10.0,1250.0,0.11,No
1073,80.5,Arabica,Other,Other,7.17,7.17,7.42,7.25,7.08,10.0,3800.0,0.0,No
1074,80.5,Arabica,Guatemala,Other,7.5,6.83,7.5,7.17,7.17,10.0,1219.2,0.11,No
1075,80.5,Arabica,Brazil,Other,7.42,7.08,7.33,7.67,7.5,10.0,1250.0,0.1,No
1077,80.5,Arabica,Guatemala,Bourbon,7.5,7.0,7.67,7.17,7.0,10.0,1859.28,0.12,No
1078,80.5,Arabica,Mexico,Typica,7.25,7.08,7.33,7.25,7.17,10.0,1450.0,0.15,No
1080,80.42,Arabica,Taiwan,Typica,7.58,7.17,7.17,7.17,7.17,10.0,600.0,0.14,No
1081,80.42,Arabica,Other,Bourbon,7.33,7.08,7.08,7.33,7.17,10.0,1450.0,0.0,No
1082,80.42,Arabica,Other,Other,7.25,7.25,7.17,7.33,7.17,10.0,1700.0,0.17,No
1083,80.42,Arabica,Taiwan,Typica,7.25,7.17,7.25,7.25,7.25,10.0,600.0,0.11,No
1084,80.42,Arabica,Mexico,Typica,6.92,7.08,7.5,7.33,7.17,10.0,1050.0,0.1,No
1085,80.42,Arabica,Mexico,Caturra,7.42,7.08,7.33,7.25,7.17,10.0,1550.0,0.12,No
1087,80.33,Arabica,Other,Bourbon,7.25,7.0,7.25,7.42,7.08,10.0,1700.0,0.13,No
1089,80.33,Arabica,Taiwan,Other,7.25,7.08,7.25,7.25,7.25,10.0,600.0,0.11,No
1090,80.33,Arabica,Guatemala,Bourbon,7.33,6.83,7.5,7.0,7.17,10.0,1310.64,0.11,No
1091,80.33,Arabica,Mexico,Typica,7.25,7.08,7.33,7.33,7.17,10.0,940.0,0.11,No
1094,80.25,Arabica,Brazil,Catuai,7.17,7.42,7.08,7.0,7.0,10.0,995.0,0.11,No
1095,80.25,Arabica,Other,Caturra,7.25,7.0,7.0,7.42,7.0,10.0,1400.0,0.1,No
1096,80.25,Arabica,Mexico,Caturra,7.25,7.0,7.33,7.33,7.0,10.0,1600.0,0.1,No
1097,80.25,Arabica,Other,Other,8.0,7.0,7.33,7.08,6.92,10.0,914.4,0.11,No
1098,80.25,Arabica,Other,Catuai,7.42,7.08,7.0,7.17,7.33,10.0,4287.0,0.0,No
1099,80.25,Arabica,Other,Caturra,7.08,7.0,7.25,7.5,7.25,10.0,900.0,0.11,No
1102,80.25,Arabica,Taiwan,Typica,7.25,7.25,7.25,7.17,7.25,10.0,700.0,0.11,No
1103,80.25,Arabica,Guatemala,Caturra,7.0,7.33,7.33,7.0,7.17,10.0,1400.0,0.11,No
1104,80.25,Arabica,Mexico,Caturra,7.58,7.17,7.25,6.75,7.0,10.0,808.0,0.11,No
1105,80.17,Arabica,Other,Other,7.42,7.25,7.58,7.42,7.33,10.0,1550.0,0.0,No
1106,80.17,Arabica,Other,Caturra,7.17,7.08,7.33,7.25,7.08,10.0,1187.5,0.11,No
1107,80.17,Arabica,Other,Catuai,7.25,7.0,7.17,7.08,7.08,10.0,1400.0,0.11,No
1108,80.17,Arabica,Guatemala,Bourbon,7.33,7.0,7.17,7.17,7.17,10.0,1310.64,0.11,No
1109,80.17,Arabica,Mexico,Typica,7.33,6.92,7.42,7.25,7.08,10.0,1250.0,0.11,No
1110,80.17,Arabica,Mexico,Typica,7.58,7.33,7.5,7.08,7.17,10.0,1550.0,0.14,No
1111,80.17,Arabica,Mexico,Bourbon,7.33,7.17,7.08,7.25,7.0,10.0,1000.0,0.12,No
1112,80.17,Arabica,Guatemala,Bourbon,7.33,7.0,7.33,7.0,7.0,10.0,1310.64,0.11,No
1114,80.08,Arabica,Brazil,Bourbon,7.17,7.0,7.17,7.25,7.25,10.0,1100.0,0.11,No
1115,80.08,Arabica,Taiwan,Typica,7.42,7.25,7.17,7.0,7.0,10.0,850.0,0.07,No
1117,80.08,Arabica,Taiwan,Typica,7.25,7.25,7.25,7.08,7.0,10.0,200.0,0.11,No
1118,80.08,Arabica,Taiwan,Typica,7.25,7.25,7.0,7.25,7.08,10.0,150.0,0.11,No
1119,80.08,Arabica,Taiwan,Typica,7.25,7.25,7.08,7.17,7.08,10.0,250.0,0.11,No
1120,80.08,Arabica,Mexico,Typica,7.33,7.25,7.08,7.08,7.08,10.0,1300.0,0.15,No
1121,80.08,Arabica,Mexico,Typica,7.25,7.0,7.17,7.33,7.17,10.0,1300.0,0.14,No
1122,80.0,Arabica,Other,Caturra,7.33,6.92,7.08,7.42,7.17,10.0,1250.0,0.1,No
1123,80.0,Arabica,Other,Other,7.17,7.0,7.42,7.17,7.0,10.0,3845.0,0.0,No
1124,80.0,Arabica,Mexico,Typica,7.58,7.42,7.5,7.5,7.5,10.0,1400.0,0.0,No
1125,80.0,Arabica,Taiwan,Typica,7.25,7.25,7.0,7.25,7.0,10.0,250.0,0.11,No
1127,80.0,Arabica,Mexico,Typica,7.25,7.08,7.17,7.33,7.33,10.0,1250.0,0.12,No
1128,80.0,Arabica,Mexico,Other,7.08,7.0,7.33,7.08,7.0,10.0,1100.0,0.11,No
1132,79.92,Arabica,Mexico,Bourbon,7.33,7.08,7.33,7.42,7.17,10.0,1300.0,0.12,No
1133,79.92,Arabica,Mexico,Other,7.17,6.92,7.25,7.33,7.08,10.0,1100.0,0.12,No
1134,79.92,Arabica,Mexico,Bourbon,7.5,7.0,7.17,7.25,7.08,10.0,1100.0,0.0,No
1135,79.92,Arabica,Mexico,Catuai,7.17,7.08,7.08,7.5,7.33,10.0,1100.0,0.11,No
1136,79.92,Arabica,Mexico,Typica,7.33,7.0,7.42,7.17,7.17,10.0,1250.0,0.12,No
1137,79.92,Arabica,Mexico,Other,7.17,7.08,7.58,7.33,7.08,10.0,1250.0,0.11,No
1139,79.83,Arabica,Other,Other,7.0,7.0,7.17,7.25,7.25,10.0,1500.0,0.11,No
1140,79.83,Arabica,Guatemala,Bourbon,7.33,6.92,7.33,7.25,7.33,10.0,1700.0,0.1,No
1141,79.83,Arabica,Other,Caturra,6.83,7.17,6.92,7.5,7.08,10.0,1250.0,0.11,No
1142,79.83,Arabica,Mexico,Typica,7.17,7.0,7.25,7.5,7.0,10.0,1300.0,0.12,No
1144,79.75,Arabica,Guatemala,Bourbon,7.5,7.25,7.58,7.33,7.42,9.33,190164.0,0.1,No
1145,79.75,Arabica,Taiwan,Typica,7.75,7.17,7.33,7.67,7.83,8.67,1000.0,0.0,No
1146,79.75,Arabica,Taiwan,Typica,7.08,7.25,7.0,7.17,7.17,10.0,600.0,0.1,No
1149,79.75,Arabica,Other,Catuai,7.58,7.67,7.75,7.67,7.58,10.0,1100.0,0.1,No
1150,79.75,Arabica,Mexico,Typica,7.58,7.0,7.0,7.5,6.92,10.0,1400.0,0.12,No
1151,79.75,Arabica,Mexico,Bourbon,7.58,6.92,7.58,7.5,6.92,10.0,1022.0,0.13,No
1152,79.75,Arabica,Mexico,Bourbon,7.25,7.0,7.17,7.17,7.08,10.0,1300.0,0.12,No
1153,79.75,Arabica,Mexico,Bourbon,7.25,7.17,7.08,7.17,7.0,10.0,1450.0,0.14,No
1154,79.75,Arabica,Mexico,Typica,7.33,7.0,7.08,7.08,7.0,10.0,1050.0,0.1,No
1156,79.75,Arabica,Mexico,Typica,7.25,6.92,7.08,7.25,7.08,10.0,1100.0,0.12,No
1157,79.67,Arabica,Guatemala,Bourbon,7.42,7.25,7.58,7.42,7.33,9.33,1219.2,0.1,No
1158,79.67,Arabica,Other,Bourbon,7.25,7.0,6.83,7.33,7.17,10.0,1250.0,0.0,No
1160,79.67,Arabica,Guatemala,Bourbon,7.5,6.83,7.08,7.08,7.17,10.0,1310.64,0.11,No
1161,79.67,Arabica,Mexico,Typica,7.42,6.83,7.58,7.17,6.58,10.0,1400.0,0.12,No
1162,79.67,Arabica,Mexico,Caturra,7.33,7.0,6.75,7.08,7.0,10.0,975.0,0.13,No
1163,79.67,Arabica,Mexico,Other,6.92,7.17,7.17,7.08,7.08,10.0,1264.0,0.0,No
1165,79.58,Arabica,Mexico,Typica,7.08,6.92,7.33,7.25,7.08,10.0,1250.0,0.12,No
1166,79.58,Arabica,Mexico,Caturra,7.25,6.92,7.33,7.25,7.0,10.0,1550.0,0.13,No
1169,79.5,Arabica,Other,Caturra,6.92,7.0,7.42,7.25,7.0,10.0,1050.0,0.12,No
1170,79.5,Arabica,Taiwan,Typica,6.92,7.17,7.0,7.42,7.0,10.0,700.0,0.0,No
1171,79.5,Arabica,Colombia,Caturra,7.83,7.42,7.42,7.67,7.5,10.0,1550.0,0.0,No
1172,79.5,Arabica,Mexico,Caturra,7.25,6.92,7.25,7.58,7.08,10.0,1550.0,0.12,No
1173,79.5,Arabica,Mexico,Typica,7.25,7.0,7.25,7.17,7.17,10.0,1100.0,0.12,No
1174,79.42,Arabica,Guatemala,Bourbon,7.08,7.25,7.58,7.33,7.42,9.33,1219.2,0.1,No
1175,79.42,Arabica,Guatemala,Other,7.25,6.83,7.0,7.0,7.17,10.0,1219.2,0.1,No
1176,79.42,Arabica,Mexico,Typica,7.0,6.83,7.42,7.33,7.17,10.0,800.0,0.13,No
1178,79.33,Arabica,Colombia,Caturra,7.42,6.75,7.25,7.42,7.25,10.0,1200.0,0.0,No
1179,79.33,Arabica,Mexico,Typica,7.0,6.83,7.33,7.42,6.92,10.0,950.0,0.14,No
1180,79.33,Arabica,Mexico,Typica,7.42,7.08,7.17,7.08,7.08,10.0,750.0,0.14,No
1182,79.25,Arabica,Taiwan,Typica,7.08,6.83,7.25,7.42,7.08,10.0,850.0,0.11,No
1183,79.25,Arabica,Mexico,Bourbon,7.0,6.92,7.17,7.17,7.08,10.0,1000.0,0.13,No
1184,79.17,Arabica,Guatemala,Bourbon,7.33,7.33,7.42,7.5,7.42,9.33,1219.2,0.1,No
1185,79.17,Arabica,Other,Catuai,7.58,6.75,6.92,7.0,6.92,10.0,1650.0,0.11,No
1186,79.17,Arabica,Guatemala,Bourbon,7.08,6.92,7.42,7.0,6.92,10.0,1320.0,0.11,No
1187,79.17,Arabica,Guatemala,Catuai,7.25,6.75,7.25,7.0,6.92,10.0,1550.0,0.11,No
1189,79.17,Arabica,Mexico,Typica,7.25,6.92,7.08,7.17,7.17,10.0,1550.0,0.14,No
1190,79.17,Arabica,Mexico,Typica,7.17,6.92,7.08,7.17,7.0,10.0,1450.0,0.14,No
1191,79.17,Arabica,Mexico,Typica,6.75,6.83,7.25,7.58,7.08,10.0,1200.0,0.01,No
1192,79.08,Arabica,Guatemala,Bourbon,7.58,7.42,7.42,7.67,7.67,8.67,1700.0,0.1,No
1193,79.08,Arabica,Other,Other,7.42,6.75,7.33,7.33,6.92,10.0,853.44,0.13,No
1194,79.08,Arabica,Mexico,Typica,7.33,6.92,7.25,7.33,7.08,10.0,1500.0,0.16,No
1195,79.08,Arabica,Mexico,Other,7.25,6.75,7.33,7.42,7.0,10.0,1100.0,0.11,No
1196,79.08,Arabica,Mexico,Typica,7.17,7.25,7.17,7.25,7.08,10.0,1200.0,0.1,No
1198,79.0,Arabica,Guatemala,Other,7.33,6.58,7.42,7.08,6.83,10.0,1219.2,0.12,No
1199,79.0,Arabica,Other,Other,7.0,7.0,7.0,7.0,7.0,10.0,1350.0,0.11,No
1200,79.0,Arabica,Other,Typica,7.67,7.08,7.25,8.0,7.5,9.33,1400.0,0.0,No
1201,79.0,Arabica,Mexico,Other,6.75,6.67,7.25,7.17,7.08,10.0,1300.0,0.12,No
1202,79.0,Arabica,Mexico,Typica,7.5,6.92,7.5,7.25,7.0,10.0,1550.0,0.14,No
1203,79.0,Arabica,Mexico,Typica,7.17,6.83,7.25,7.17,6.92,10.0,12.0,0.14,No
1204,78.92,Arabica,Mexico,Typica,7.33,6.75,7.08,7.17,7.25,10.0,1300.0,0.12,No
1205,78.92,Arabica,Mexico,Typica,7.5,6.92,7.08,6.92,6.75,10.0,1400.0,0.16,No
1206,78.83,Arabica,Other,Caturra,7.17,6.92,7.0,7.0,7.0,10.0,1100.0,0.1,No
1208,78.75,Arabica,Guatemala,Bourbon,7.33,6.33,7.25,7.0,7.0,10.0,1310.64,0.12,No
1209,78.75,Arabica,Mexico,Typica,7.25,6.83,7.0,7.17,7.0,10.0,1320.0,0.14,No
1210,78.75,Arabica,Mexico,Typica,7.25,7.17,7.25,7.08,7.0,10.0,1250.0,0.14,No
1211,78.75,Arabica,Mexico,Bourbon,7.67,6.83,7.33,7.58,7.17,8.67,1350.0,0.12,No
1212,78.67,Arabica,Other,Typica,7.0,6.83,7.17,7.17,7.17,9.33,1850.0,0.0,No
1213,78.67,Arabica,Mexico,Caturra,6.92,6.67,7.25,7.17,6.92,10.0,1150.0,0.13,No
1216,78.58,Arabica,Guatemala,Other,7.33,6.92,7.58,7.25,7.17,10.0,1219.2,0.12,No
1217,78.58,Arabica,Taiwan,Typica,6.83,7.17,7.25,7.0,6.92,10.0,800.0,0.1,No
1218,78.58,Arabica,Mexico,Typica,7.0,6.75,7.33,6.92,6.92,10.0,1400.0,0.13,No
1219,78.58,Arabica,Mexico,Typica,7.92,7.58,7.92,7.92,7.5,10.0,1300.0,0.1,No
1221,78.5,Arabica,Mexico,Bourbon,7.25,6.92,6.92,7.25,7.58,10.0,1600.0,0.0,No
1222,78.5,Arabica,Mexico,Typica,7.08,6.83,7.0,7.0,6.92,10.0,1400.0,0.12,No
1223,78.5,Arabica,Mexico,Caturra,7.25,7.0,6.83,7.58,7.08,10.0,1200.0,0.13,No
1225,78.42,Arabica,Mexico,Typica,7.58,7.0,7.17,7.33,7.0,10.0,1500.0,0.14,No
1227,78.33,Arabica,Guatemala,Other,7.17,6.67,7.0,7.17,7.17,10.0,1219.2,0.1,No
1228,78.33,Arabica,Guatemala,Bourbon,7.17,6.5,7.17,7.0,6.83,10.0,1310.64,0.11,No
1229,78.33,Arabica,Mexico,Typica,7.25,7.0,7.5,7.33,7.42,10.0,1300.0,0.13,No
1233,78.17,Arabica,Other,Other,6.92,6.92,6.92,6.92,6.83,10.0,1300.0,0.13,No
1234,78.08,Arabica,Mexico,Typica,7.08,6.67,7.25,7.25,6.92,10.0,1050.0,0.11,No
1235,78.0,Arabica,Taiwan,Other,7.5,7.33,7.17,7.5,7.5,10.0,650.0,0.0,No
1236,78.0,Arabica,Other,Other,6.83,6.67,7.0,7.0,6.83,10.0,1350.0,0.11,No
1238,78.0,Arabica,Guatemala,Other,7.42,6.83,7.33,7.0,6.92,9.33,1219.2,0.1,No
1239,78.0,Arabica,Other,Typica,7.33,6.92,7.08,7.33,7.0,9.33,1200.0,0.1,No
1240,78.0,Arabica,Guatemala,Bourbon,7.0,6.83,7.17,6.67,6.83,10.0,1310.64,0.11,No
1241,78.0,Arabica,Mexico,Other,7.25,7.0,7.0,7.25,7.08,8.0,850.0,0.12,No
1243,77.92,Arabica,Other,Caturra,7.5,7.42,7.0,7.08,6.83,10.0,1200.0,0.12,No
1244,77.92,Arabica,Mexico,Typica,7.42,7.0,7.0,7.25,7.08,10.0,1248.0,0.11,No
1248,77.83,Arabica,Guatemala,Bourbon,7.0,6.67,7.17,6.83,6.83,10.0,1310.64,0.11,No
1249,77.67,Arabica,Taiwan,Typica,7.17,6.58,7.33,7.33,7.17,10.0,775.0,0.11,No
1251,77.5,Arabica,Mexico,Typica,7.17,6.58,6.75,6.83,6.75,10.0,1300.0,0.13,No
1252,77.42,Arabica,Guatemala,Bourbon,7.08,6.33,7.0,6.92,7.0,10.0,1310.64,0.11,No
1253,77.33,Arabica,Brazil,Bourbon,7.5,7.42,7.58,7.58,6.92,10.0,890.0,0.0,No
1254,77.33,Arabica,Guatemala,Other,7.33,6.83,7.17,7.17,7.17,9.33,1219.2,0.1,No
1255,77.33,Arabica,Mexico,Typica,7.33,6.67,7.0,6.92,6.92,10.0,1500.0,0.15,No
1256,77.25,Arabica,Other,Typica,6.83,6.83,6.75,6.92,6.92,10.0,825.0,0.1,No
1258,77.17,Arabica,Mexico,Other,7.08,7.0,7.25,7.33,7.25,10.0,1200.0,0.12,No
1259,77.0,Arabica,Other,Caturra,7.42,7.42,7.67,7.92,7.83,9.33,1200.0,0.0,No
1261,76.75,Arabica,Mexico,Typica,6.67,6.42,6.83,7.0,6.92,10.0,1200.0,0.0,No
1263,76.42,Arabica,Mexico,Typica,7.17,6.58,7.0,7.25,6.58,10.0,1100.0,0.13,No
1264,76.33,Arabica,Guatemala,Bourbon,7.5,6.83,7.5,7.17,7.33,8.67,1310.64,0.11,No
1268,76.17,Arabica,Mexico,Typica,7.42,6.83,7.08,6.92,6.83,10.0,1400.0,0.16,No
1269,76.17,Arabica,Other,Other,7.33,6.5,6.08,7.58,6.33,9.33,3500.0,0.12,No
1270,76.08,Arabica,Mexico,Bourbon,7.08,6.83,7.17,7.17,7.08,10.0,1250.0,0.12,No
1271,76.0,Arabica,Other,Other,6.83,6.67,6.83,7.0,6.83,10.0,1350.0,0.11,No
1274,75.58,Arabica,Guatemala,Bourbon,7.92,7.17,7.58,7.33,7.17,8.0,1310.64,0.11,No
1276,75.5,Arabica,Mexico,Other,7.5,6.92,7.0,7.17,6.83,10.0,1100.0,0.11,No
1277,75.17,Arabica,Mexico,Other,7.17,6.67,6.83,7.25,7.75,10.0,1200.0,0.11,No
1278,75.17,Arabica,Mexico,Other,7.25,6.67,7.08,7.17,6.83,10.0,1100.0,0.12,No
1279,75.17,Arabica,Mexico,Typica,7.17,6.83,7.17,7.42,6.67,10.0,1280.0,0.13,No
1280,75.0,Arabica,Mexico,Typica,7.0,6.75,6.92,7.17,6.83,10.0,850.0,0.14,No
1281,74.92,Arabica,Mexico,Typica,7.08,6.58,7.0,7.0,6.75,10.0,1500.0,0.17,No
1282,74.83,Arabica,Mexico,Typica,7.33,6.67,7.25,7.5,7.0,10.0,1250.0,0.12,No
1285,74.67,Arabica,Mexico,Typica,7.08,6.83,7.5,7.33,6.83,10.0,1700.0,0.12,No
1287,74.33,Arabica,Guatemala,Bourbon,6.5,6.5,7.5,7.33,6.83,8.67,1310.64,0.11,No
1288,74.33,Arabica,Mexico,Typica,7.0,6.67,6.83,7.08,6.83,10.0,1140.0,0.14,No
1289,74.0,Arabica,Mexico,Typica,6.92,6.17,7.33,7.25,6.75,10.0,1200.0,0.13,No
1290,73.83,Arabica,Mexico,Typica,7.67,7.17,7.58,7.33,7.33,10.0,1250.0,0.12,No
1293,73.42,Arabica,Other,Other,7.0,6.83,7.17,7.0,7.17,8.0,1350.0,0.11,No
1294,72.92,Arabica,Mexico,Typica,7.08,6.92,7.08,6.92,6.92,8.0,1200.0,0.0,No
1298,71.75,Arabica,Other,Caturra,6.33,6.33,6.83,6.33,6.5,10.0,1200.0,0.11,No
1299,71.08,Arabica,Mexico,Other,6.92,6.92,6.92,7.17,7.0,10.0,800.0,0.12,No
1300,71.0,Arabica,Mexico,Bourbon,6.5,6.42,7.17,7.33,6.5,10.0,1800.0,0.11,No
1301,70.75,Arabica,Mexico,Typica,6.92,6.83,6.92,7.42,6.92,10.0,1000.0,0.12,No
1303,69.33,Arabica,Other,Catuai,6.67,6.17,6.67,6.83,6.17,8.0,1450.0,0.1,No
1304,69.17,Arabica,Other,Catuai,7.0,6.17,6.67,6.5,6.17,8.0,1450.0,0.1,No
1305,69.17,Arabica,Other,Catuai,7.0,6.17,6.5,6.67,6.17,8.0,1450.0,0.1,No
1306,68.33,Arabica,Mexico,Bourbon,7.08,6.25,7.42,7.25,6.75,10.0,900.0,0.11,No
1307,67.92,Arabica,Other,Typica,6.75,6.42,6.67,7.08,6.67,6.0,350.0,0.14,No
1308,63.08,Arabica,Other,Caturra,7.25,6.33,6.25,6.42,6.08,6.0,1100.0,0.13,No
1309,59.83,Arabica,Guatemala,Catuai,7.5,6.67,7.67,7.33,6.67,1.33,1417.32,0.1,No
1310,0.0,Arabica,Other,Caturra,0.0,0.0,0.0,0.0,0.0,0.0,1400.0,0.12,No
1319,82.5,Robusta,Other,Other,7.67,7.58,7.83,7.83,8.0,7.92,1000.0,0.09,Yes
1322,81.58,Robusta,Other,Other,7.67,7.75,7.5,7.75,7.58,7.75,1000.0,0.11,No
1333,79.33,Robusta,Other,Other,7.92,7.42,7.42,7.42,7.42,7.58,3000.0,0.0,No
